{"stat.pickup.rustic.wildberry_bush":4,"stat.leaveGame":9,"stat.pickup.minecraft.gravel":1,"stat.mineBlock.ebwizardry.crystal_flower":1,"stat.craftItem.minecraft.cooked_porkchop":2,"stat.useItem.minecraft.apple":1,"stat.useItem.minecraft.rotten_flesh":2,"stat.jump":501,"stat.swimOneCm":29043,"stat.pickup.minecraft.coal":3,"stat.fallOneCm":8646,"stat.useItem.minecraft.stone_axe":74,"stat.pickup.minecraft.porkchop":2,"stat.crouchOneCm":924,"stat.pickup.minecraft.spider_eye":1,"stat.craftItem.minecraft.torch":12,"stat.pickup.minecraft.dirt":39,"stat.useItem.minecraft.dirt":30,"stat.useItem.minecraft.stone_slab2":3,"stat.craftingTableInteraction":11,"stat.pickup.minecraft.iron_ore":3,"stat.pickup.minecraft.rotten_flesh":4,"stat.pickup.minecraft.sand":84,"stat.craftItem.minecraft.furnace":1,"stat.pickup.rustic.log":18,"stat.craftItem.minecraft.stone_axe":1,"stat.killEntity.fossil.platybelodon":2,"stat.damageTaken":1810,"stat.pickup.minecraft.leather":3,"stat.pickup.fossil.bone_leg_bone":3,"stat.craftItem.minecraft.stone_pickaxe":1,"stat.mineBlock.minecraft.torch":6,"stat.useItem.minecraft.wooden_pickaxe":3,"stat.craftItem.minecraft.cooked_beef":5,"stat.pickup.minecraft.cobblestone":15,"stat.pickup.ebwizardry.crystal_flower":1,"stat.useItem.minecraft.stone_shovel":52,"stat.flyOneCm":53862,"stat.pickup.minecraft.wheat_seeds":1,"stat.mineBlock.minecraft.sand":84,"stat.mineBlock.rustic.log":18,"stat.pickup.minecraft.fish":1,"stat.entityKilledBy.Zombie":3,"stat.mineBlock.minecraft.gravel":1,"stat.useItem.minecraft.stone_pickaxe":18,"stat.useItem.minecraft.cooked_beef":3,"stat.craftItem.minecraft.cooked_fish":1,"stat.damageDealt":3541,"stat.mineBlock.minecraft.iron_ore":3,"stat.timeSinceDeath":12258,"stat.useItem.minecraft.spider_eye":1,"stat.killEntity.Cow":2,"stat.mineBlock.minecraft.dirt":39,"stat.craftItem.minecraft.wooden_pickaxe":1,"stat.killEntity.Pig":1,"stat.pickup.fossil.bone_foot":2,"stat.entityKilledBy.fossil.titanis":1,"stat.craftItem.minecraft.stone_shovel":1,"stat.walkOneCm":152633,"stat.useItem.minecraft.torch":9,"stat.pickup.minecraft.crafting_table":1,"stat.pickup.rustic.wildberries":1,"stat.craftItem.minecraft.crafting_table":1,"stat.drop.minecraft.gravel":1,"stat.furnaceInteraction":7,"stat.useItem.minecraft.cooked_porkchop":2,"stat.mineBlock.minecraft.coal_ore":3,"stat.pickup.minecraft.string":6,"stat.pickup.minecraft.log":6,"stat.useItem.minecraft.cooked_fish":1,"stat.pickup.minecraft.beef":5,"stat.pickup.fossil.bone_arm_bone":2,"stat.useItem.minecraft.written_book":1,"stat.pickup.minecraft.sapling":2,"stat.sprintOneCm":35808,"stat.useItem.rustic.wildberries":1,"stat.pickup.minecraft.apple":1,"stat.craftItem.minecraft.stick":20,"stat.mineBlock.rustic.wildberry_bush":4,"stat.craftItem.minecraft.planks":24,"stat.mineBlock.minecraft.crafting_table":1,"stat.killEntity.Spider":2,"stat.craftItem.minecraft.fishing_rod":1,"stat.mobKills":15,"stat.mineBlock.minecraft.log":6,"stat.deaths":4,"stat.drop":1,"stat.mineBlock.minecraft.leaves":14,"stat.playOneMinute":42683,"stat.pickup.minecraft.torch":8,"stat.sneakTime":507,"stat.pickup.rustic.chili_pepper_seeds":1,"stat.killEntity.Zombie":8,"stat.mineBlock.minecraft.stone":15,"stat.mineBlock.minecraft.tallgrass":13,"stat.fishCaught":1,"stat.diveOneCm":7048,"stat.useItem.minecraft.fishing_rod":3}