{"stat.walkOneCm":27436,"stat.leaveGame":9,"stat.pickup.minecraft.gravel":1,"stat.craftItem.minecraft.crafting_table":1,"stat.pickup.minecraft.log":2,"stat.jump":97,"stat.swimOneCm":163,"stat.fallOneCm":418,"stat.pickup.minecraft.dirt":24,"stat.useItem.minecraft.dirt":13,"stat.sprintOneCm":5708,"stat.useItem.minecraft.stone_slab2":1,"stat.craftingTableInteraction":1,"stat.pickup.minecraft.rotten_flesh":2,"stat.craftItem.minecraft.planks":4,"stat.damageTaken":600,"stat.mobKills":2,"stat.mineBlock.minecraft.log":2,"stat.flyOneCm":3268,"stat.deaths":2,"stat.playOneMinute":7205,"stat.entityKilledBy.Zombie":2,"stat.mineBlock.minecraft.gravel":1,"stat.damageDealt":521,"stat.killEntity.Zombie":2,"stat.timeSinceDeath":1861,"stat.mineBlock.minecraft.dirt":24,"stat.mineBlock.minecraft.tallgrass":1}