{"stat.useItem.minecraft.string":1,"stat.pickup.fossil.platybelodon_meat":10,"stat.useItem.minecraft.bow":2,"stat.drop.minecraft.mutton":1,"stat.leaveGame":13,"stat.drop.minecraft.gunpowder":2,"stat.craftItem.minecraft.iron_axe":2,"stat.pickup.ebwizardry.spell_book":1,"stat.pickup.fossil.bone_skull":8,"stat.craftItem.minecraft.shield":1,"stat.useItem.minecraft.planks":204,"stat.drop.minecraft.feather":1,"stat.pickup.minecraft.porkchop":8,"stat.drop.minecraft.wooden_door":1,"stat.drop.minecraft.iron_sword":1,"stat.pickup.minecraft.rotten_flesh":45,"stat.pickup.minecraft.sand":24,"stat.mineBlock.rustic.beehive":1,"stat.craftItem.minecraft.stone_axe":3,"stat.pickup.fossil.bone_leg_bone":14,"stat.killEntity.Enderman":2,"stat.pickup.fossil.titanis_meat":30,"stat.craftItem.minecraft.stone_sword":1,"stat.mineBlock.fossil.iced_stone":3,"stat.craftItem.minecraft.iron_shovel":1,"stat.mineBlock.minecraft.sand":24,"stat.mineBlock.rustic.log":11,"stat.drop.minecraft.sand":4,"stat.useItem.minecraft.iron_pickaxe":1935,"stat.craftItem.minecraft.wooden_pickaxe":1,"stat.pickup.fossil.bone_foot":11,"stat.useItem.minecraft.iron_shovel":290,"stat.pickup.fossil.bone_unique_item":11,"stat.furnaceInteraction":128,"stat.mineBlock.minecraft.dark_oak_stairs":8,"stat.killEntity.ZombieVillager":1,"stat.useItem.minecraft.dark_oak_stairs":18,"stat.pickup.minecraft.beef":80,"stat.pickup.fossil.tardrop":21,"stat.pickup.minecraft.furnace":3,"stat.useItem.minecraft.cooked_mutton":1,"stat.craftItem.travelersbackpack.travelers_backpack":1,"stat.useItem.minecraft.trapdoor":5,"stat.useItem.minecraft.stone_stairs":128,"stat.killEntity.fossil.stegosaurus":1,"stat.pickup.minecraft.stone_stairs":53,"stat.mineBlock.minecraft.fence":2,"stat.mineBlock.drpmedieval.dry_clay_grass":1,"stat.useItem.minecraft.dye":14,"stat.craftItem.minecraft.heavy_weighted_pressure_plate":1,"stat.pickup.fossil.broken_helmet":1,"stat.deaths":14,"stat.pickup.minecraft.egg":6,"stat.playOneMinute":432858,"stat.drop.minecraft.string":1,"stat.craftItem.minecraft.iron_pickaxe":7,"stat.drop.minecraft.iron_ingot":5,"stat.mineBlock.minecraft.tallgrass":74,"stat.craftItem.minecraft.cooked_mutton":42,"stat.chestOpened":173,"stat.pickup.minecraft.pumpkin":4,"stat.useItem.minecraft.stone":110,"stat.pickup.minecraft.arrow":38,"stat.pickup.minecraft.iron_sword":1,"stat.craftItem.minecraft.dark_oak_stairs":40,"stat.pickup.rustic.chamomile":1,"stat.craftItem.fossil.cultivate":1,"stat.drop.minecraft.iron_pickaxe":3,"stat.fallOneCm":112116,"stat.pickup.minecraft.carrot":1,"stat.crouchOneCm":14535,"stat.pickup.fossil.bone_vertebrae":28,"stat.craftItem.minecraft.iron_ingot":136,"stat.craftItem.minecraft.chest":4,"stat.craftingTableInteraction":31,"stat.pickup.fossil.bone_ribcage":6,"stat.mineBlock.minecraft.log2":384,"stat.pickup.minecraft.feather":7,"stat.drop.minecraft.bone":5,"stat.useItem.minecraft.furnace":2,"stat.pickup.minecraft.planks":15,"stat.pickup.minecraft.wheat_seeds":3,"stat.mineBlock.minecraft.gravel":30,"stat.useItem.minecraft.stone_pickaxe":462,"stat.useItem.minecraft.stone_sword":19,"stat.useItem.minecraft.wool":1,"stat.mineBlock.minecraft.dirt":280,"stat.entityKilledBy.fossil.titanis":1,"stat.drop.minecraft.stick":1,"stat.pickup.fossil.deinonychus_meat":10,"stat.pickup.rustic.bee":2,"stat.useItem.minecraft.torch":26,"stat.craftItem.minecraft.redstone_block":3,"stat.drop.minecraft.rotten_flesh":10,"stat.pickup.minecraft.crafting_table":9,"stat.useItem.minecraft.cobblestone":250,"stat.craftItem.minecraft.crafting_table":1,"stat.mineBlock.minecraft.double_plant":1,"stat.craftItem.fossil.ankylosaurus_cooked":12,"stat.pickup.minecraft.log":16,"stat.killEntity.fossil.smilodon":3,"stat.pickup.minecraft.iron_pickaxe":3,"stat.drop.minecraft.planks":1,"stat.pickup.minecraft.chicken":8,"stat.pickup.minecraft.sapling":32,"stat.pickup.minecraft.wooden_door":2,"stat.pickup.minecraft.apple":1,"stat.craftItem.minecraft.bucket":1,"stat.craftItem.minecraft.planks":348,"stat.useItem.minecraft.iron_sword":253,"stat.useItem.minecraft.stonebrick":405,"stat.pickup.minecraft.book":196,"stat.mineBlock.minecraft.log":12,"stat.pickup.minecraft.red_flower":2,"stat.sneakTime":7913,"stat.pickup.minecraft.wool":93,"stat.pickup.minecraft.stone_slab":12,"stat.drop.minecraft.wooden_axe":1,"stat.pickup.fossil.fossil_seed_fern":1,"stat.pickup.minecraft.bone":120,"stat.pickup.fossil.biofossil":68,"stat.useItem.minecraft.iron_axe":434,"stat.pickup.fossil.smilodon_meat":24,"stat.mineBlock.minecraft.cobblestone":144,"stat.mineBlock.minecraft.pumpkin":4,"stat.pickup.minecraft.flint":2,"stat.craftItem.minecraft.stone_brick_stairs":4,"stat.craftItem.minecraft.wool":2,"stat.killEntity.fossil.tarslime":15,"stat.swimOneCm":51761,"stat.climbOneCm":3823,"stat.pickup.minecraft.cooked_porkchop":8,"stat.drop.drpmedieval.dry_clay_chunk":4,"stat.useItem.minecraft.dirt":25,"stat.useItem.minecraft.stone_slab2":82,"stat.pickup.minecraft.bow":1,"stat.pickup.minecraft.stone_hoe":1,"stat.craftItem.minecraft.furnace":2,"stat.useItem.minecraft.egg":1,"stat.pickup.fossil.worktable":1,"stat.mineBlock.fossil.permafrost":5,"stat.pickup.rustic.cohosh":1,"stat.craftItem.fossil.skull_helmet":1,"stat.craftItem.minecraft.stone_pickaxe":1,"stat.craftItem.minecraft.cooked_beef":80,"stat.pickup.minecraft.cobblestone":1413,"stat.mineBlock.minecraft.clay":28,"stat.flyOneCm":708845,"stat.pickup.rustic.honeycomb":2,"stat.craftItem.minecraft.wooden_slab":12,"stat.useItem.minecraft.cooked_beef":57,"stat.pickup.minecraft.redstone":35,"stat.mineBlock.minecraft.iron_ore":152,"stat.timeSinceDeath":34788,"stat.craftItem.rustic.planks":44,"stat.drop.minecraft.spider_eye":2,"stat.useItem.minecraft.wooden_slab":6,"stat.pickup.fossil.plant_fossil":41,"stat.pickup.minecraft.mutton":77,"stat.craftItem.minecraft.stonebrick":528,"stat.pickup.minecraft.stonebrick":6,"stat.entityKilledBy.fossil.tyrannosaurus":2,"stat.pickup.rustic.sapling":1,"stat.pickup.minecraft.trapdoor":1,"stat.mineBlock.minecraft.coal_ore":321,"stat.drop.minecraft.wool":3,"stat.killEntity.Creeper":11,"stat.pickup.rustic.planks":9,"stat.pickup.minecraft.string":12,"stat.useItem.fossil.titanis_meat":1,"stat.craftItem.minecraft.stone_slab2":0,"stat.useItem.minecraft.written_book":2,"stat.drop.drpmedieval.grindstone":1,"stat.sprintOneCm":734095,"stat.drop.rustic.tomato_seeds":1,"stat.mineBlock.minecraft.stone_slab":9,"stat.craftItem.minecraft.stick":44,"stat.killEntity.fossil.deinonychus":1,"stat.useItem.minecraft.stone_slab":123,"stat.craftItem.minecraft.stone":636,"stat.mineBlock.minecraft.diamond_ore":5,"stat.mineBlock.minecraft.crafting_table":9,"stat.pickup.fossil.relic_scrap":40,"stat.entityKilledBy.Creeper":2,"stat.mineBlock.minecraft.planks":10,"stat.drop":47,"stat.killEntity.Sheep":43,"stat.killEntity.Zombie":28,"stat.craftItem.minecraft.dye":53,"stat.mineBlock.minecraft.gold_ore":19,"stat.diveOneCm":27966,"stat.drop.minecraft.stone_stairs":1,"stat.drop.minecraft.wooden_pickaxe":1,"stat.pickup.fossil.iced_meat":2,"stat.pickup.minecraft.gravel":27,"stat.craftItem.minecraft.cooked_porkchop":8,"stat.pickup.minecraft.stone_axe":1,"stat.killEntity.Lumberjack":1,"stat.useItem.minecraft.apple":1,"stat.craftItem.travelersbackpack.backpack_tank":2,"stat.jump":4752,"stat.useItem.minecraft.sand":1,"stat.pickup.minecraft.fence":2,"stat.pickup.minecraft.coal":411,"stat.mineBlock.fossil.fossil":187,"stat.useItem.minecraft.stone_axe":223,"stat.pickup.minecraft.gunpowder":8,"stat.pickup.minecraft.spider_eye":8,"stat.craftItem.minecraft.torch":12,"stat.pickup.minecraft.dirt":277,"stat.drop.rustic.sapling":1,"stat.pickup.minecraft.iron_ore":180,"stat.pickup.rustic.log":11,"stat.pickup.minecraft.gold_ore":19,"stat.pickup.rustic.tomato_seeds":1,"stat.mineBlock.minecraft.leaves2":9,"stat.mineBlock.minecraft.glass_pane":1,"stat.mineBlock.minecraft.stone_stairs":45,"stat.damageTaken":8886,"stat.pickup.minecraft.leather":34,"stat.useItem.minecraft.stone_brick_stairs":2,"stat.mineBlock.minecraft.furnace":3,"stat.mineBlock.minecraft.red_flower":2,"stat.mineBlock.minecraft.torch":13,"stat.useItem.minecraft.wooden_pickaxe":8,"stat.pickup.minecraft.log2":386,"stat.pickup.minecraft.reeds":14,"stat.pickup.minecraft.bed":1,"stat.pickup.fossil.sifter":1,"stat.craftItem.fossil.whip":1,"stat.damageDealt":28803,"stat.craftItem.minecraft.glass":18,"stat.sleepInBed":3,"stat.killEntity.Cow":36,"stat.killEntity.Pig":4,"stat.craftItem.minecraft.iron_sword":2,"stat.craftItem.minecraft.stone_slab":120,"stat.walkOneCm":1114125,"stat.playerKills":2,"stat.useItem.minecraft.chest":1,"stat.pickup.minecraft.clay_ball":112,"stat.pickup.drpmedieval.grindstone":1,"stat.pickup.fossil.bone_arm_bone":17,"stat.pickup.minecraft.stone":232,"stat.pickup.minecraft.cooked_beef":2,"stat.killEntity.Skeleton":24,"stat.craftItem.travelersbackpack.sleeping_bag_bottom":1,"stat.mineBlock.minecraft.stonebrick":6,"stat.killEntity.Chicken":7,"stat.killEntity.Spider":16,"stat.pickup.minecraft.dark_oak_stairs":8,"stat.mobKills":202,"stat.pickup.fossil.broken_sword":2,"stat.pickup.fossil.skull_block":5,"stat.drop.minecraft.written_book":3,"stat.pickup.drpmedieval.dry_clay_chunk":4,"stat.pickup.minecraft.diamond":4,"stat.mineBlock.minecraft.leaves":29,"stat.killEntity.fossil.titanis":4,"stat.pickup.minecraft.torch":14,"stat.mineBlock.minecraft.redstone_ore":8,"stat.craftItem.fossil.titanis_cooked":28,"stat.killEntity.fossil.compsognathus":1,"stat.mineBlock.minecraft.stone":1480,"stat.entityKilledBy.Llama":1}