{"stat.pickup.fossil.platybelodon_meat":10,"stat.useItem.minecraft.bow":12,"stat.pickup.fossil.bubble_blower":1,"stat.useItem.fossil.smilodon_cooked":3,"stat.entityKilledBy.fossil.stegosaurus":4,"stat.pickup.minecraft.wooden_slab":46,"stat.leaveGame":37,"stat.drop.minecraft.gunpowder":13,"stat.pickup.ebwizardry.spell_book":3,"stat.useItem.securitycraft.mine":7,"stat.pickup.fossil.bone_skull":13,"stat.craftItem.minecraft.shield":2,"stat.pickup.fossil.bio_goo":5,"stat.drop.minecraft.feather":1,"stat.drop.minecraft.iron_sword":1,"stat.pickup.minecraft.rotten_flesh":131,"stat.craftItem.minecraft.stone_axe":4,"stat.pickup.fossil.fossil_sapling_sigillaria":8,"stat.killEntity.Enderman":5,"stat.craftItem.minecraft.iron_shovel":2,"stat.pickup.minecraft.brown_mushroom":4,"stat.mineBlock.rustic.log":11,"stat.drop.minecraft.sand":4,"stat.drop.minecraft.gold_ingot":1,"stat.useItem.minecraft.iron_pickaxe":2547,"stat.pickup.fossil.toy_scratching_post":13,"stat.craftItem.minecraft.wooden_pickaxe":1,"stat.useItem.minecraft.iron_shovel":768,"stat.drop.minecraft.cooked_mutton":2,"stat.drop.fossil.bone_unique_item":2,"stat.useItem.ebwizardry.magic_wand":1,"stat.pickup.fossil.bone_unique_item":29,"stat.pickup.rustic.wildberries":1,"stat.furnaceInteraction":292,"stat.killEntity.ZombieVillager":3,"stat.pickup.securitycraft.cobblestone_mine":2,"stat.drop.securitycraft.door_indestructible_iron_item":1,"stat.pickup.minecraft.beef":80,"stat.pickup.fossil.tardrop":39,"stat.useItem.minecraft.trapdoor":7,"stat.useItem.rustic.wildberries":17,"stat.useItem.minecraft.fence":25,"stat.mineBlock.drpmedieval.pottery_turntable":1,"stat.killEntity.fossil.stegosaurus":3,"stat.mineBlock.minecraft.fence":9,"stat.useItem.minecraft.wheat_seeds":26,"stat.pickup.rustic.olives":8,"stat.useItem.drpmedieval.unfired_vase":1,"stat.pickup.securitycraft.universal_block_reinforcer_lvl1":3,"stat.useItem.minecraft.dye":535,"stat.drop.fossil.whip":1,"stat.pickup.minecraft.lever":2,"stat.deaths":34,"stat.pickup.minecraft.egg":24,"stat.craftItem.minecraft.iron_pickaxe":9,"stat.drop.minecraft.iron_ingot":5,"stat.mineBlock.minecraft.tallgrass":326,"stat.craftItem.minecraft.cooked_mutton":42,"stat.pickup.minecraft.cooked_mutton":4,"stat.chestOpened":509,"stat.useItem.minecraft.stone":114,"stat.pickup.fossil.ankylosaurus_meat":12,"stat.pickup.minecraft.arrow":78,"stat.pickup.minecraft.iron_sword":2,"stat.pickup.rustic.chamomile":1,"stat.killEntity.fossil.parasaurolophus":2,"stat.craftItem.minecraft.coal":9,"stat.drop.minecraft.iron_pickaxe":3,"stat.pickup.fossil.pachycephalosaurus_cooked":10,"stat.pickup.minecraft.carrot":61,"stat.crouchOneCm":30200,"stat.pickup.fossil.bone_vertebrae":55,"stat.mineBlock.minecraft.chest":5,"stat.mineBlock.drpmedieval.butter_churn":1,"stat.craftItem.minecraft.iron_ingot":193,"stat.pickup.rustic.grape_stem":95,"stat.mineBlock.drpmedieval.large_oak_lectern":2,"stat.craftingTableInteraction":45,"stat.mineBlock.minecraft.log2":384,"stat.pickup.minecraft.wooden_pickaxe":6,"stat.pickup.minecraft.dye":180,"stat.pickup.minecraft.planks":98,"stat.useItem.fossil.stone_tablet":2,"stat.pickup.minecraft.wheat_seeds":71,"stat.mineBlock.fossil.bubble_blower":1,"stat.mineBlock.minecraft.dirt":769,"stat.useItem.fossil.toy_tethered_log":1,"stat.pickup.minecraft.poisonous_potato":5,"stat.entityKilledBy.fossil.titanis":1,"stat.pickup.securitycraft.keycard_reader":1,"stat.pickup.fossil.megalania_meat":10,"stat.pickup.securitycraft.reinforced_glass_block":208,"stat.pickup.fossil.deinonychus_meat":20,"stat.useItem.minecraft.bread":2,"stat.drop.minecraft.rotten_flesh":21,"stat.useItem.minecraft.cobblestone":370,"stat.mineBlock.minecraft.double_plant":9,"stat.killEntity.fossil.smilodon":3,"stat.drop.minecraft.chicken":1,"stat.pickup.minecraft.iron_pickaxe":3,"stat.craftItem.minecraft.gold_ingot":43,"stat.drop.minecraft.sapling":126,"stat.pickup.minecraft.chicken":9,"stat.pickup.minecraft.apple":80,"stat.useItem.minecraft.glass_pane":21,"stat.mineBlock.ebwizardry.dark_oak_bookshelf":2,"stat.craftItem.securitycraft.reinforced_glass_block":11,"stat.craftItem.minecraft.bucket":2,"stat.craftItem.minecraft.planks":1008,"stat.useItem.minecraft.iron_sword":698,"stat.useItem.minecraft.stonebrick":422,"stat.pickup.minecraft.book":196,"stat.mineBlock.minecraft.log":154,"stat.mineBlock.minecraft.waterlily":4,"stat.useItem.carryon.entity_item":6,"stat.useItem.minecraft.wooden_door":4,"stat.mineBlock.securitycraft.cobblestone_mine":2,"stat.pickup.minecraft.red_flower":12,"stat.pickup.minecraft.wool":172,"stat.mineBlock.fossil.analyzer":4,"stat.pickup.drpmedieval.oak_wood_support":5,"stat.pickup.fossil.fossil_seed_fern":223,"stat.pickup.fossil.biofossil":95,"stat.useItem.minecraft.iron_axe":825,"stat.pickup.fossil.smilodon_meat":24,"stat.mineBlock.minecraft.cobblestone":175,"stat.mineBlock.minecraft.pumpkin":4,"stat.pickup.minecraft.flint":3,"stat.mineBlock.minecraft.yellow_flower":1,"stat.entityKilledBy.Witch":1,"stat.mineBlock.drpmedieval.oak_flower_pot":2,"stat.craftItem.minecraft.wool":4,"stat.killEntity.fossil.tarslime":15,"stat.drop.minecraft.saddle":1,"stat.pickup.fossil.gold_javelin":2,"stat.pickup.minecraft.cooked_porkchop":31,"stat.drop.drpmedieval.dry_clay_chunk":4,"stat.useItem.minecraft.stone_slab2":220,"stat.pickup.drpmedieval.forge":2,"stat.pickup.minecraft.bow":2,"stat.drop.ebwizardry.magic_wand":1,"stat.pickup.minecraft.stone_hoe":1,"stat.craftItem.minecraft.furnace":48,"stat.useItem.minecraft.egg":10,"stat.mineBlock.fossil.permafrost":5,"stat.craftItem.minecraft.cooked_beef":80,"stat.mineBlock.minecraft.clay":30,"stat.flyOneCm":1853657,"stat.pickup.rustic.honeycomb":3,"stat.timeSinceDeath":131394,"stat.craftItem.rustic.planks":44,"stat.drop.minecraft.spider_eye":3,"stat.useItem.minecraft.wooden_slab":6,"stat.mineBlock.rustic.cohosh":1,"stat.craftItem.ebwizardry.magic_crystal":6,"stat.pickup.fossil.aquatic_scarab_gem":1,"stat.craftItem.minecraft.stonebrick":684,"stat.useItem.minecraft.potato":224,"stat.mineBlock.minecraft.coal_ore":321,"stat.drop.minecraft.wool":30,"stat.killEntity.Creeper":15,"stat.pickup.minecraft.shield":1,"stat.pickup.rustic.planks":9,"stat.drop.minecraft.baked_potato":42,"stat.mineBlock.drpmedieval.simple_oak_shelf":3,"stat.pickup.minecraft.string":41,"stat.pickup.ebwizardry.magic_wand":2,"stat.useItem.minecraft.milk_bucket":1,"stat.entityKilledBy.Skeleton":3,"stat.drop.tektopia.heart":1,"stat.useItem.minecraft.written_book":3,"stat.drop.drpmedieval.grindstone":1,"stat.sprintOneCm":2319212,"stat.mineBlock.minecraft.stone_slab":18,"stat.killEntity.ebwizardry:evil_wizard":3,"stat.useItem.carryon.tile_item":1,"stat.mineBlock.minecraft.diamond_ore":5,"stat.useItem.minecraft.snowball":1,"stat.pickup.fossil.relic_scrap":64,"stat.pickup.ebwizardry.ruined_spell_book":1,"stat.useItem.fossil.pachycephalosaurus_cooked":2,"stat.pickup.drpmedieval.simple_oak_shelf":7,"stat.killEntity.Zombie":72,"stat.craftItem.minecraft.dye":184,"stat.pickup.minecraft.snowball":4,"stat.mineBlock.minecraft.gold_ore":19,"stat.diveOneCm":164951,"stat.pickup.minecraft.wheat":30,"stat.drop.minecraft.stone_stairs":1,"stat.pickup.minecraft.sign":5,"stat.craftItem.minecraft.cooked_porkchop":8,"stat.pickup.minecraft.stone_axe":1,"stat.useItem.minecraft.rotten_flesh":1,"stat.craftItem.fossil.smilodon_cooked":16,"stat.jump":10935,"stat.useItem.minecraft.sand":3,"stat.pickup.minecraft.coal":568,"stat.pickup.minecraft.iron_ingot":122,"stat.mineBlock.fossil.fossil":314,"stat.pickup.minecraft.gunpowder":19,"stat.craftItem.minecraft.torch":12,"stat.pickup.minecraft.dirt":908,"stat.drop.minecraft.iron_shovel":1,"stat.drop.rustic.sapling":1,"stat.pickup.fossil.parasaurolophus_meat":13,"stat.pickup.rustic.log":14,"stat.pickup.minecraft.gold_ore":91,"stat.mineBlock.minecraft.glass_pane":3,"stat.damageTaken":20851,"stat.useItem.minecraft.stone_brick_stairs":2,"stat.mineBlock.minecraft.red_flower":12,"stat.mineBlock.minecraft.torch":19,"stat.pickup.minecraft.written_book":3,"stat.pickup.minecraft.log2":388,"stat.pickup.ebwizardry.crystal_flower":52,"stat.entityKilledBy.ZombieVillager":1,"stat.pickup.minecraft.bed":1,"stat.pickup.fossil.sifter":1,"stat.pickup.minecraft.potato":610,"stat.entityKilledBy.Zombie":2,"stat.pickup.drpmedieval.butter_churn":1,"stat.pickup.fossil.titanis_cooked":8,"stat.entityKilledBy.fossil.parasaurolophus":1,"stat.craftItem.drpmedieval.fired_vase":2,"stat.craftItem.minecraft.stone_slab":120,"stat.animalsBred":1,"stat.useItem.minecraft.chest":3,"stat.drop.minecraft.wheat":2,"stat.pickup.drpmedieval.grindstone":1,"stat.mineBlock.drpmedieval.unfired_vase":2,"stat.pickup.fossil.bone_arm_bone":31,"stat.craftItem.fossil.deinonychus_cooked":10,"stat.pickup.minecraft.baked_potato":74,"stat.drop.minecraft.potato":1,"stat.pickup.minecraft.ender_pearl":2,"stat.pickup.drpmedieval.oak_crate":1,"stat.pickup.minecraft.cooked_beef":9,"stat.craftItem.travelersbackpack.sleeping_bag_bottom":1,"stat.mineBlock.minecraft.stonebrick":11,"stat.pickup.fossil.stegosaurus_cooked":12,"stat.pickup.minecraft.dark_oak_stairs":8,"stat.mobKills":399,"stat.pickup.fossil.broken_sword":15,"stat.pickup.fossil.skull_block":29,"stat.drop.minecraft.written_book":5,"stat.pickup.minecraft.diamond":5,"stat.killEntity.fossil.titanis":8,"stat.pickup.minecraft.torch":31,"stat.craftItem.fossil.titanis_cooked":28,"stat.craftItem.securitycraft.remote_access_mine":1,"stat.useItem.minecraft.string":1,"stat.killEntity.fossil.pachycephalosaurus":2,"stat.drop.minecraft.mutton":1,"stat.pickup.drpmedieval.oak_honey_centrifuge":1,"stat.mineBlock.ebwizardry.crystal_flower":52,"stat.drop.rustic.grape_stem":24,"stat.craftItem.minecraft.iron_axe":4,"stat.pickup.astikorcarts.cargocart":1,"stat.useItem.minecraft.mutton":11,"stat.useItem.minecraft.planks":819,"stat.useItem.minecraft.golden_shovel":64,"stat.pickup.minecraft.porkchop":8,"stat.drop.minecraft.wooden_door":2,"stat.pickup.fossil.toy_tethered_log":2,"stat.pickup.minecraft.glass":9,"stat.drop.ebwizardry.magic_crystal":6,"stat.useItem.minecraft.water_bucket":1,"stat.drop.travelersbackpack.travelers_backpack":1,"stat.pickup.minecraft.sand":67,"stat.drop.fossil.bone_ribcage":1,"stat.entityKilledBy.Spider":2,"stat.mineBlock.rustic.beehive":1,"stat.pickup.minecraft.name_tag":2,"stat.pickup.fossil.bone_leg_bone":30,"stat.pickup.fossil.titanis_meat":38,"stat.pickup.minecraft.wooden_hoe":1,"stat.craftItem.minecraft.stone_sword":1,"stat.mineBlock.fossil.iced_stone":3,"stat.mineBlock.minecraft.sand":67,"stat.craftItem.minecraft.wooden_hoe":1,"stat.drop.drpmedieval.oak_wood_support":5,"stat.hopperInspected":6,"stat.pickup.fossil.bone_foot":24,"stat.pickup.fossil.spinosaurus_dna":1,"stat.mineBlock.fossil.cultivate":1,"stat.mineBlock.minecraft.dark_oak_stairs":8,"stat.killEntity.fossil.quagga":1,"stat.useItem.minecraft.dark_oak_stairs":18,"stat.pickup.minecraft.furnace":72,"stat.useItem.minecraft.cooked_mutton":26,"stat.craftItem.travelersbackpack.travelers_backpack":2,"stat.drop.ebwizardry.ruined_spell_book":1,"stat.pickup.fossil.failuresaurus_flesh":3,"stat.useItem.minecraft.stone_stairs":475,"stat.killEntity.Horse":1,"stat.mineBlock.drpmedieval.forge":2,"stat.pickup.minecraft.stone_stairs":69,"stat.drop.minecraft.wooden_hoe":2,"stat.useItem.astikorcarts.cargocart":1,"stat.pickup.drpmedieval.unfired_vase":2,"stat.mineBlock.drpmedieval.dry_clay_grass":1,"stat.pickup.minecraft.saddle":1,"stat.craftItem.minecraft.heavy_weighted_pressure_plate":1,"stat.pickup.fossil.broken_helmet":3,"stat.playOneMinute":1037070,"stat.drop.minecraft.string":16,"stat.pickup.fossil.fossil_sapling_palae":2,"stat.pickup.fossil.stegosaurus_meat":12,"stat.pickup.minecraft.pumpkin":4,"stat.pickup.minecraft.waterlily":1,"stat.pickup.securitycraft.door_indestructible_iron_item":1,"stat.craftItem.minecraft.dark_oak_stairs":40,"stat.craftItem.fossil.cultivate":1,"stat.pickup.fossil.dominican_amber":1,"stat.pickup.minecraft.cooked_chicken":2,"stat.fallOneCm":262371,"stat.drop.minecraft.stone":1,"stat.pickup.drpmedieval.oak_wood_beam":32,"stat.drop.minecraft.dye":8,"stat.craftItem.minecraft.chest":5,"stat.pickup.rustic.horsetail":5,"stat.entityKilledBy.ebwizardry:evil_wizard":2,"stat.drop.fossil.bone_leg_bone":2,"stat.pickup.fossil.bone_ribcage":13,"stat.pickup.minecraft.feather":8,"stat.drop.minecraft.bone":19,"stat.pickup.fossil.whip":1,"stat.useItem.minecraft.furnace":14,"stat.drop.securitycraft.reinforced_sand":64,"stat.mineBlock.fossil.feeder":2,"stat.mineBlock.minecraft.gravel":56,"stat.useItem.minecraft.stone_pickaxe":462,"stat.useItem.minecraft.stone_sword":19,"stat.useItem.minecraft.wool":27,"stat.useItem.securitycraft.remote_access_mine":6,"stat.drop.minecraft.stick":2,"stat.pickup.rustic.bee":3,"stat.useItem.minecraft.torch":57,"stat.craftItem.minecraft.redstone_block":4,"stat.pickup.minecraft.crafting_table":10,"stat.useItem.minecraft.log":32,"stat.craftItem.minecraft.crafting_table":1,"stat.pickup.fossil.fossilseed":46,"stat.craftItem.fossil.ankylosaurus_cooked":12,"stat.pickup.minecraft.log":319,"stat.pickup.fossil.analyzer":3,"stat.drop.fossil.triceratops_dna":1,"stat.pickup.securitycraft.keycard_lv5":2,"stat.drop.minecraft.planks":1,"stat.pickup.minecraft.sapling":226,"stat.pickup.minecraft.wooden_door":7,"stat.mineBlock.drpmedieval.fired_vase":1,"stat.drop.minecraft.bow":1,"stat.pickup.minecraft.beetroot":3,"stat.pickup.securitycraft.reinforced_glass_pane":1,"stat.sneakTime":15193,"stat.pickup.rustic.chili_pepper_seeds":6,"stat.drop.minecraft.bucket":1,"stat.useItem.minecraft.baked_potato":26,"stat.pickup.drpmedieval.oak_flower_pot":2,"stat.pickup.minecraft.stone_slab":26,"stat.pickup.minecraft.yellow_flower":1,"stat.pickup.tektopia.heart":3,"stat.drop.minecraft.wooden_axe":1,"stat.pickup.minecraft.chest":10,"stat.pickup.securitycraft.reinforced_sand":64,"stat.pickup.minecraft.bone":210,"stat.mineBlock.drpmedieval.oak_honey_centrifuge":1,"stat.horseOneCm":1945289,"stat.pickup.drpmedieval.large_oak_lectern":2,"stat.craftItem.minecraft.stone_brick_stairs":4,"stat.pickup.fossil.figurine":5,"stat.swimOneCm":95095,"stat.climbOneCm":8820,"stat.pickup.fossil.parasaurolophus_cooked":7,"stat.pickup.fossil.ancient_helmet":1,"stat.drop.minecraft.brown_mushroom":2,"stat.useItem.minecraft.dirt":427,"stat.useItem.minecraft.red_flower":5,"stat.killEntity.fossil.tyrannosaurus":1,"stat.pickup.fossil.worktable":1,"stat.pickup.rustic.cohosh":3,"stat.useItem.minecraft.golden_pickaxe":96,"stat.craftItem.fossil.skull_helmet":1,"stat.craftItem.minecraft.stone_pickaxe":1,"stat.pickup.minecraft.cobblestone":2778,"stat.drop.minecraft.wheat_seeds":26,"stat.craftItem.minecraft.wooden_slab":12,"stat.useItem.minecraft.cooked_beef":63,"stat.pickup.minecraft.redstone":43,"stat.mineBlock.minecraft.iron_ore":157,"stat.pickup.fossil.plant_fossil":71,"stat.pickup.minecraft.mutton":159,"stat.drop.rustic.chili_pepper_seeds":2,"stat.killEntity.fossil.spinosaurus":1,"stat.pickup.minecraft.mossy_cobblestone":34,"stat.pickup.fossil.feeder":3,"stat.useItem.drpmedieval.simple_oak_shelf":4,"stat.pickup.minecraft.stonebrick":86,"stat.entityKilledBy.fossil.tyrannosaurus":3,"stat.drop.minecraft.dirt":125,"stat.pickup.rustic.sapling":1,"stat.pickup.ebwizardry.magic_crystal":19,"stat.useItem.minecraft.cooked_porkchop":1,"stat.pickup.minecraft.trapdoor":4,"stat.drop.fossil.stone_tablet":1,"stat.useItem.fossil.megalania_meat":2,"stat.drop.minecraft.log2":2,"stat.pickup.fossil.pachycephalosaurus_meat":10,"stat.useItem.fossil.titanis_meat":2,"stat.craftItem.minecraft.stone_slab2":0,"stat.useItem.minecraft.golden_axe":92,"stat.drop.rustic.tomato_seeds":2,"stat.craftItem.minecraft.stick":60,"stat.killEntity.fossil.deinonychus":1,"stat.useItem.minecraft.stone_slab":164,"stat.craftItem.minecraft.stone":799,"stat.mineBlock.minecraft.crafting_table":10,"stat.useItem.minecraft.carrot":11,"stat.pickup.fossil.chicken_essence":2,"stat.entityKilledBy.Creeper":2,"stat.pickup.ebwizardry.dark_oak_bookshelf":2,"stat.mineBlock.minecraft.planks":58,"stat.drop":203,"stat.killEntity.Sheep":99,"stat.pickup.fossil.stone_tablet":29,"stat.pickup.fossil.sarcosuchus_dna":1,"stat.useItem.fossil.ankylosaurus_meat":6,"stat.drop.minecraft.wooden_pickaxe":1,"stat.pickup.fossil.iced_meat":2,"stat.pickup.minecraft.gravel":74,"stat.killEntity.Lumberjack":1,"stat.useItem.minecraft.apple":57,"stat.pickup.drpmedieval.mistletoe":2,"stat.craftItem.travelersbackpack.backpack_tank":2,"stat.useItem.fossil.titanis_cooked":18,"stat.pickup.minecraft.fence":9,"stat.useItem.minecraft.wooden_hoe":5,"stat.useItem.minecraft.stone_axe":267,"stat.pickup.minecraft.spider_eye":10,"stat.pickup.fossil.fossil_sapling_calamites":3,"stat.pickup.minecraft.iron_ore":203,"stat.mineBlock.fossil.sifter":1,"stat.pickup.rustic.tomato_seeds":6,"stat.mineBlock.minecraft.leaves2":9,"stat.mineBlock.minecraft.stone_stairs":60,"stat.pickup.minecraft.leather":38,"stat.killEntity.fossil.megalania":1,"stat.mineBlock.minecraft.furnace":11,"stat.useItem.minecraft.wooden_pickaxe":8,"stat.drop.minecraft.water_bucket":2,"stat.pickup.minecraft.reeds":14,"stat.craftItem.fossil.whip":1,"stat.damageDealt":66169,"stat.craftItem.minecraft.glass":65,"stat.sleepInBed":4,"stat.craftItem.minecraft.baked_potato":458,"stat.killEntity.Cow":38,"stat.killEntity.Pig":13,"stat.craftItem.minecraft.iron_sword":2,"stat.walkOneCm":2672121,"stat.playerKills":4,"stat.pickup.minecraft.stick":15,"stat.pickup.minecraft.clay_ball":120,"stat.useItem.minecraft.dark_oak_fence_gate":1,"stat.drop.fossil.bone_vertebrae":2,"stat.pickup.drpmedieval.pottery_turntable":1,"stat.pickup.minecraft.stone":279,"stat.craftItem.securitycraft.cobblestone_mine":1,"stat.mineBlock.minecraft.wool":9,"stat.pickup.astikorcarts.mobcart":1,"stat.pickup.drpmedieval.fired_vase":1,"stat.craftItem.minecraft.redstone":9,"stat.killEntity.Skeleton":62,"stat.killEntity.Chicken":7,"stat.killEntity.Spider":34,"stat.pickup.minecraft.water_bucket":1,"stat.pickup.drpmedieval.dry_clay_chunk":4,"stat.mineBlock.minecraft.leaves":47,"stat.mineBlock.minecraft.redstone_ore":8,"stat.pickup.fossil.fossil_sapling_cordaites":10,"stat.craftItem.minecraft.brick":32,"stat.killEntity.fossil.compsognathus":1,"stat.mineBlock.minecraft.stone":1968,"stat.entityKilledBy.Llama":1}