{"stat.drop.minecraft.mutton":1,"stat.leaveGame":9,"stat.craftItem.minecraft.iron_axe":1,"stat.pickup.fossil.bone_skull":3,"stat.craftItem.minecraft.shield":1,"stat.useItem.minecraft.planks":201,"stat.pickup.minecraft.porkchop":8,"stat.pickup.minecraft.rotten_flesh":14,"stat.pickup.minecraft.sand":20,"stat.mineBlock.rustic.beehive":1,"stat.craftItem.minecraft.stone_axe":3,"stat.pickup.fossil.bone_leg_bone":1,"stat.pickup.fossil.titanis_meat":14,"stat.craftItem.minecraft.stone_sword":1,"stat.mineBlock.fossil.iced_stone":1,"stat.mineBlock.minecraft.sand":20,"stat.mineBlock.rustic.log":11,"stat.useItem.minecraft.iron_pickaxe":399,"stat.craftItem.minecraft.wooden_pickaxe":1,"stat.pickup.fossil.bone_foot":1,"stat.useItem.minecraft.iron_shovel":235,"stat.pickup.fossil.bone_unique_item":2,"stat.furnaceInteraction":56,"stat.mineBlock.minecraft.dark_oak_stairs":8,"stat.useItem.minecraft.dark_oak_stairs":18,"stat.pickup.minecraft.beef":52,"stat.pickup.minecraft.furnace":3,"stat.craftItem.travelersbackpack.travelers_backpack":1,"stat.useItem.minecraft.stone_stairs":127,"stat.killEntity.fossil.stegosaurus":1,"stat.pickup.minecraft.stone_stairs":41,"stat.mineBlock.minecraft.fence":2,"stat.useItem.minecraft.dye":14,"stat.deaths":12,"stat.playOneMinute":224923,"stat.craftItem.minecraft.iron_pickaxe":2,"stat.mineBlock.minecraft.tallgrass":51,"stat.craftItem.minecraft.cooked_mutton":32,"stat.chestOpened":51,"stat.useItem.minecraft.stone":15,"stat.pickup.minecraft.arrow":11,"stat.craftItem.minecraft.dark_oak_stairs":40,"stat.craftItem.fossil.cultivate":1,"stat.drop.minecraft.iron_pickaxe":1,"stat.fallOneCm":70628,"stat.crouchOneCm":9964,"stat.pickup.fossil.bone_vertebrae":8,"stat.craftItem.minecraft.iron_ingot":72,"stat.craftItem.minecraft.chest":1,"stat.craftingTableInteraction":22,"stat.pickup.fossil.bone_ribcage":1,"stat.mineBlock.minecraft.log2":320,"stat.pickup.minecraft.feather":5,"stat.useItem.minecraft.furnace":2,"stat.pickup.minecraft.planks":11,"stat.pickup.minecraft.wheat_seeds":2,"stat.mineBlock.minecraft.gravel":4,"stat.useItem.minecraft.stone_pickaxe":462,"stat.useItem.minecraft.stone_sword":19,"stat.mineBlock.minecraft.dirt":245,"stat.entityKilledBy.fossil.titanis":1,"stat.drop.minecraft.stick":1,"stat.pickup.rustic.bee":2,"stat.useItem.minecraft.torch":5,"stat.drop.minecraft.rotten_flesh":4,"stat.pickup.minecraft.crafting_table":8,"stat.useItem.minecraft.cobblestone":128,"stat.craftItem.minecraft.crafting_table":1,"stat.pickup.minecraft.log":7,"stat.pickup.minecraft.iron_pickaxe":1,"stat.pickup.minecraft.chicken":5,"stat.pickup.minecraft.sapling":32,"stat.pickup.minecraft.apple":1,"stat.craftItem.minecraft.bucket":1,"stat.craftItem.minecraft.planks":292,"stat.useItem.minecraft.iron_sword":69,"stat.mineBlock.minecraft.log":4,"stat.pickup.minecraft.red_flower":2,"stat.sneakTime":4675,"stat.pickup.minecraft.wool":25,"stat.drop.minecraft.wooden_axe":1,"stat.pickup.fossil.fossil_seed_fern":1,"stat.pickup.minecraft.bone":27,"stat.pickup.fossil.biofossil":13,"stat.useItem.minecraft.iron_axe":240,"stat.pickup.fossil.smilodon_meat":8,"stat.mineBlock.minecraft.cobblestone":12,"stat.pickup.minecraft.flint":1,"stat.craftItem.minecraft.wool":2,"stat.swimOneCm":21861,"stat.climbOneCm":3281,"stat.useItem.minecraft.dirt":4,"stat.useItem.minecraft.stone_slab2":38,"stat.pickup.minecraft.stone_hoe":1,"stat.craftItem.minecraft.furnace":2,"stat.mineBlock.fossil.permafrost":3,"stat.craftItem.fossil.skull_helmet":1,"stat.craftItem.minecraft.stone_pickaxe":1,"stat.craftItem.minecraft.cooked_beef":52,"stat.pickup.minecraft.cobblestone":573,"stat.flyOneCm":441133,"stat.pickup.rustic.honeycomb":2,"stat.craftItem.minecraft.wooden_slab":12,"stat.useItem.minecraft.cooked_beef":12,"stat.mineBlock.minecraft.iron_ore":81,"stat.timeSinceDeath":13270,"stat.craftItem.rustic.planks":44,"stat.drop.minecraft.spider_eye":2,"stat.useItem.minecraft.wooden_slab":6,"stat.pickup.fossil.plant_fossil":3,"stat.pickup.minecraft.mutton":50,"stat.entityKilledBy.fossil.tyrannosaurus":2,"stat.pickup.rustic.sapling":1,"stat.mineBlock.minecraft.coal_ore":46,"stat.pickup.rustic.planks":9,"stat.pickup.minecraft.string":2,"stat.craftItem.minecraft.stone_slab2":0,"stat.useItem.minecraft.written_book":1,"stat.sprintOneCm":436886,"stat.drop.rustic.tomato_seeds":1,"stat.craftItem.minecraft.stick":36,"stat.killEntity.fossil.deinonychus":1,"stat.craftItem.minecraft.stone":24,"stat.mineBlock.minecraft.crafting_table":8,"stat.pickup.fossil.relic_scrap":4,"stat.entityKilledBy.Creeper":2,"stat.mineBlock.minecraft.planks":10,"stat.drop":17,"stat.killEntity.Sheep":25,"stat.killEntity.Zombie":6,"stat.craftItem.minecraft.dye":53,"stat.diveOneCm":8734,"stat.drop.minecraft.stone_stairs":1,"stat.drop.minecraft.wooden_pickaxe":1,"stat.pickup.fossil.iced_meat":1,"stat.pickup.minecraft.gravel":2,"stat.pickup.minecraft.stone_axe":1,"stat.killEntity.Lumberjack":1,"stat.useItem.minecraft.apple":1,"stat.craftItem.travelersbackpack.backpack_tank":2,"stat.jump":2690,"stat.useItem.minecraft.sand":1,"stat.pickup.minecraft.fence":2,"stat.pickup.minecraft.coal":136,"stat.mineBlock.fossil.fossil":31,"stat.useItem.minecraft.stone_axe":223,"stat.pickup.minecraft.spider_eye":4,"stat.craftItem.minecraft.torch":4,"stat.pickup.minecraft.dirt":211,"stat.drop.rustic.sapling":1,"stat.pickup.minecraft.iron_ore":109,"stat.pickup.rustic.log":11,"stat.pickup.rustic.tomato_seeds":1,"stat.mineBlock.minecraft.leaves2":9,"stat.mineBlock.minecraft.stone_stairs":33,"stat.damageTaken":4552,"stat.pickup.minecraft.leather":20,"stat.mineBlock.minecraft.furnace":3,"stat.mineBlock.minecraft.red_flower":2,"stat.mineBlock.minecraft.torch":4,"stat.useItem.minecraft.wooden_pickaxe":8,"stat.pickup.minecraft.log2":320,"stat.pickup.minecraft.reeds":14,"stat.craftItem.fossil.whip":1,"stat.damageDealt":10702,"stat.craftItem.minecraft.glass":18,"stat.sleepInBed":2,"stat.killEntity.Cow":24,"stat.killEntity.Pig":4,"stat.craftItem.minecraft.iron_sword":1,"stat.walkOneCm":516354,"stat.playerKills":1,"stat.pickup.fossil.bone_arm_bone":5,"stat.pickup.minecraft.stone":105,"stat.killEntity.Skeleton":6,"stat.craftItem.travelersbackpack.sleeping_bag_bottom":1,"stat.killEntity.Chicken":5,"stat.killEntity.Spider":4,"stat.pickup.minecraft.dark_oak_stairs":8,"stat.mobKills":81,"stat.drop.minecraft.written_book":3,"stat.mineBlock.minecraft.leaves":21,"stat.killEntity.fossil.titanis":2,"stat.pickup.minecraft.torch":4,"stat.mineBlock.minecraft.stone":655,"stat.entityKilledBy.Llama":1}