{"stat.leaveGame":8,"stat.craftItem.minecraft.iron_axe":1,"stat.pickup.fossil.bone_skull":3,"stat.craftItem.minecraft.shield":1,"stat.useItem.minecraft.planks":199,"stat.pickup.minecraft.porkchop":8,"stat.pickup.minecraft.rotten_flesh":4,"stat.pickup.minecraft.sand":16,"stat.mineBlock.rustic.beehive":1,"stat.craftItem.minecraft.stone_axe":3,"stat.pickup.fossil.bone_leg_bone":1,"stat.pickup.fossil.titanis_meat":14,"stat.craftItem.minecraft.stone_sword":1,"stat.mineBlock.fossil.iced_stone":1,"stat.mineBlock.minecraft.sand":16,"stat.mineBlock.rustic.log":11,"stat.useItem.minecraft.iron_pickaxe":376,"stat.craftItem.minecraft.wooden_pickaxe":1,"stat.pickup.fossil.bone_foot":1,"stat.useItem.minecraft.iron_shovel":8,"stat.pickup.fossil.bone_unique_item":2,"stat.furnaceInteraction":32,"stat.mineBlock.minecraft.dark_oak_stairs":8,"stat.useItem.minecraft.dark_oak_stairs":18,"stat.pickup.minecraft.beef":52,"stat.pickup.minecraft.furnace":3,"stat.craftItem.travelersbackpack.travelers_backpack":1,"stat.useItem.minecraft.stone_stairs":122,"stat.killEntity.fossil.stegosaurus":1,"stat.pickup.minecraft.stone_stairs":41,"stat.useItem.minecraft.dye":14,"stat.deaths":8,"stat.playOneMinute":168795,"stat.craftItem.minecraft.iron_pickaxe":1,"stat.mineBlock.minecraft.tallgrass":32,"stat.craftItem.minecraft.cooked_mutton":12,"stat.chestOpened":31,"stat.useItem.minecraft.stone":12,"stat.pickup.minecraft.arrow":8,"stat.craftItem.minecraft.dark_oak_stairs":40,"stat.drop.minecraft.iron_pickaxe":1,"stat.fallOneCm":51300,"stat.crouchOneCm":4858,"stat.pickup.fossil.bone_vertebrae":8,"stat.craftItem.minecraft.iron_ingot":19,"stat.craftItem.minecraft.chest":1,"stat.craftingTableInteraction":17,"stat.pickup.fossil.bone_ribcage":1,"stat.mineBlock.minecraft.log2":320,"stat.pickup.minecraft.feather":5,"stat.useItem.minecraft.furnace":2,"stat.pickup.minecraft.planks":8,"stat.pickup.minecraft.wheat_seeds":1,"stat.mineBlock.minecraft.gravel":4,"stat.useItem.minecraft.stone_pickaxe":284,"stat.useItem.minecraft.stone_sword":19,"stat.mineBlock.minecraft.dirt":21,"stat.entityKilledBy.fossil.titanis":1,"stat.drop.minecraft.stick":1,"stat.pickup.rustic.bee":2,"stat.useItem.minecraft.torch":5,"stat.pickup.minecraft.crafting_table":8,"stat.useItem.minecraft.cobblestone":118,"stat.craftItem.minecraft.crafting_table":1,"stat.pickup.minecraft.log":7,"stat.pickup.minecraft.iron_pickaxe":1,"stat.pickup.minecraft.chicken":5,"stat.pickup.minecraft.sapling":32,"stat.pickup.minecraft.apple":1,"stat.craftItem.minecraft.planks":292,"stat.useItem.minecraft.iron_sword":32,"stat.mineBlock.minecraft.log":4,"stat.pickup.minecraft.red_flower":2,"stat.sneakTime":2465,"stat.pickup.minecraft.wool":15,"stat.drop.minecraft.wooden_axe":1,"stat.pickup.fossil.fossil_seed_fern":1,"stat.pickup.minecraft.bone":17,"stat.pickup.fossil.biofossil":11,"stat.useItem.minecraft.iron_axe":227,"stat.mineBlock.minecraft.cobblestone":12,"stat.pickup.minecraft.flint":1,"stat.craftItem.minecraft.wool":2,"stat.swimOneCm":14316,"stat.climbOneCm":2128,"stat.useItem.minecraft.dirt":4,"stat.useItem.minecraft.stone_slab2":31,"stat.craftItem.minecraft.furnace":2,"stat.mineBlock.fossil.permafrost":3,"stat.craftItem.minecraft.stone_pickaxe":1,"stat.craftItem.minecraft.cooked_beef":52,"stat.pickup.minecraft.cobblestone":446,"stat.flyOneCm":330940,"stat.pickup.rustic.honeycomb":2,"stat.craftItem.minecraft.wooden_slab":12,"stat.mineBlock.minecraft.iron_ore":33,"stat.timeSinceDeath":122686,"stat.craftItem.rustic.planks":44,"stat.drop.minecraft.spider_eye":1,"stat.useItem.minecraft.wooden_slab":6,"stat.pickup.fossil.plant_fossil":2,"stat.pickup.minecraft.mutton":33,"stat.entityKilledBy.fossil.tyrannosaurus":2,"stat.pickup.rustic.sapling":1,"stat.mineBlock.minecraft.coal_ore":18,"stat.pickup.rustic.planks":9,"stat.pickup.minecraft.string":2,"stat.craftItem.minecraft.stone_slab2":0,"stat.useItem.minecraft.written_book":1,"stat.sprintOneCm":302145,"stat.drop.rustic.tomato_seeds":1,"stat.craftItem.minecraft.stick":32,"stat.killEntity.fossil.deinonychus":1,"stat.craftItem.minecraft.stone":24,"stat.mineBlock.minecraft.crafting_table":8,"stat.pickup.fossil.relic_scrap":4,"stat.mineBlock.minecraft.planks":7,"stat.drop":10,"stat.killEntity.Sheep":15,"stat.killEntity.Zombie":2,"stat.craftItem.minecraft.dye":53,"stat.diveOneCm":3635,"stat.drop.minecraft.wooden_pickaxe":1,"stat.pickup.fossil.iced_meat":1,"stat.pickup.minecraft.gravel":2,"stat.pickup.minecraft.stone_axe":1,"stat.killEntity.Lumberjack":1,"stat.craftItem.travelersbackpack.backpack_tank":2,"stat.jump":2023,"stat.useItem.minecraft.sand":1,"stat.pickup.minecraft.coal":34,"stat.mineBlock.fossil.fossil":27,"stat.useItem.minecraft.stone_axe":223,"stat.pickup.minecraft.spider_eye":3,"stat.craftItem.minecraft.torch":4,"stat.pickup.minecraft.dirt":20,"stat.drop.rustic.sapling":1,"stat.pickup.minecraft.iron_ore":32,"stat.pickup.rustic.log":11,"stat.pickup.rustic.tomato_seeds":1,"stat.mineBlock.minecraft.leaves2":9,"stat.mineBlock.minecraft.stone_stairs":33,"stat.damageTaken":3034,"stat.pickup.minecraft.leather":20,"stat.mineBlock.minecraft.furnace":3,"stat.mineBlock.minecraft.red_flower":2,"stat.mineBlock.minecraft.torch":4,"stat.useItem.minecraft.wooden_pickaxe":8,"stat.pickup.minecraft.log2":320,"stat.craftItem.fossil.whip":1,"stat.damageDealt":8142,"stat.craftItem.minecraft.glass":14,"stat.sleepInBed":2,"stat.killEntity.Cow":24,"stat.killEntity.Pig":4,"stat.craftItem.minecraft.iron_sword":1,"stat.walkOneCm":420596,"stat.playerKills":1,"stat.pickup.fossil.bone_arm_bone":3,"stat.pickup.minecraft.stone":93,"stat.killEntity.Skeleton":2,"stat.craftItem.travelersbackpack.sleeping_bag_bottom":1,"stat.killEntity.Chicken":5,"stat.killEntity.Spider":2,"stat.pickup.minecraft.dark_oak_stairs":8,"stat.mobKills":61,"stat.drop.minecraft.written_book":3,"stat.mineBlock.minecraft.leaves":21,"stat.killEntity.fossil.titanis":2,"stat.pickup.minecraft.torch":4,"stat.mineBlock.minecraft.stone":532,"stat.entityKilledBy.Llama":1}