{"stat.pickup.fossil.platybelodon_meat":10,"stat.drop.minecraft.mutton":1,"stat.leaveGame":11,"stat.drop.minecraft.gunpowder":2,"stat.craftItem.minecraft.iron_axe":2,"stat.pickup.fossil.bone_skull":6,"stat.craftItem.minecraft.shield":1,"stat.useItem.minecraft.planks":201,"stat.pickup.minecraft.porkchop":8,"stat.drop.minecraft.wooden_door":1,"stat.pickup.minecraft.rotten_flesh":36,"stat.pickup.minecraft.sand":20,"stat.mineBlock.rustic.beehive":1,"stat.craftItem.minecraft.stone_axe":3,"stat.pickup.fossil.bone_leg_bone":10,"stat.killEntity.Enderman":2,"stat.pickup.fossil.titanis_meat":22,"stat.craftItem.minecraft.stone_sword":1,"stat.mineBlock.fossil.iced_stone":1,"stat.craftItem.minecraft.iron_shovel":1,"stat.mineBlock.minecraft.sand":20,"stat.mineBlock.rustic.log":11,"stat.useItem.minecraft.iron_pickaxe":1682,"stat.craftItem.minecraft.wooden_pickaxe":1,"stat.pickup.fossil.bone_foot":9,"stat.useItem.minecraft.iron_shovel":282,"stat.pickup.fossil.bone_unique_item":9,"stat.furnaceInteraction":105,"stat.mineBlock.minecraft.dark_oak_stairs":8,"stat.killEntity.ZombieVillager":1,"stat.useItem.minecraft.dark_oak_stairs":18,"stat.pickup.minecraft.beef":80,"stat.pickup.fossil.tardrop":21,"stat.pickup.minecraft.furnace":3,"stat.craftItem.travelersbackpack.travelers_backpack":1,"stat.useItem.minecraft.trapdoor":5,"stat.useItem.minecraft.stone_stairs":128,"stat.killEntity.fossil.stegosaurus":1,"stat.pickup.minecraft.stone_stairs":53,"stat.mineBlock.minecraft.fence":2,"stat.mineBlock.drpmedieval.dry_clay_grass":1,"stat.useItem.minecraft.dye":14,"stat.craftItem.minecraft.heavy_weighted_pressure_plate":1,"stat.pickup.fossil.broken_helmet":1,"stat.deaths":13,"stat.pickup.minecraft.egg":1,"stat.playOneMinute":367344,"stat.craftItem.minecraft.iron_pickaxe":6,"stat.drop.minecraft.iron_ingot":5,"stat.mineBlock.minecraft.tallgrass":62,"stat.craftItem.minecraft.cooked_mutton":42,"stat.chestOpened":108,"stat.pickup.minecraft.pumpkin":4,"stat.useItem.minecraft.stone":110,"stat.pickup.minecraft.arrow":30,"stat.craftItem.minecraft.dark_oak_stairs":40,"stat.pickup.rustic.chamomile":1,"stat.craftItem.fossil.cultivate":1,"stat.drop.minecraft.iron_pickaxe":3,"stat.fallOneCm":87837,"stat.crouchOneCm":13311,"stat.pickup.fossil.bone_vertebrae":21,"stat.craftItem.minecraft.iron_ingot":136,"stat.craftItem.minecraft.chest":2,"stat.craftingTableInteraction":29,"stat.pickup.fossil.bone_ribcage":5,"stat.mineBlock.minecraft.log2":384,"stat.pickup.minecraft.feather":6,"stat.useItem.minecraft.furnace":2,"stat.pickup.minecraft.planks":15,"stat.pickup.minecraft.wheat_seeds":3,"stat.mineBlock.minecraft.gravel":30,"stat.useItem.minecraft.stone_pickaxe":462,"stat.useItem.minecraft.stone_sword":19,"stat.useItem.minecraft.wool":1,"stat.mineBlock.minecraft.dirt":276,"stat.entityKilledBy.fossil.titanis":1,"stat.drop.minecraft.stick":1,"stat.pickup.fossil.deinonychus_meat":10,"stat.pickup.rustic.bee":2,"stat.useItem.minecraft.torch":24,"stat.drop.minecraft.rotten_flesh":10,"stat.pickup.minecraft.crafting_table":9,"stat.useItem.minecraft.cobblestone":250,"stat.craftItem.minecraft.crafting_table":1,"stat.mineBlock.minecraft.double_plant":1,"stat.pickup.minecraft.log":16,"stat.killEntity.fossil.smilodon":3,"stat.pickup.minecraft.iron_pickaxe":3,"stat.pickup.minecraft.chicken":7,"stat.pickup.minecraft.sapling":32,"stat.pickup.minecraft.wooden_door":2,"stat.pickup.minecraft.apple":1,"stat.craftItem.minecraft.bucket":1,"stat.craftItem.minecraft.planks":324,"stat.useItem.minecraft.iron_sword":182,"stat.useItem.minecraft.stonebrick":403,"stat.mineBlock.minecraft.log":12,"stat.pickup.minecraft.red_flower":2,"stat.sneakTime":6886,"stat.pickup.minecraft.wool":89,"stat.pickup.minecraft.stone_slab":12,"stat.drop.minecraft.wooden_axe":1,"stat.pickup.fossil.fossil_seed_fern":1,"stat.pickup.minecraft.bone":92,"stat.pickup.fossil.biofossil":53,"stat.useItem.minecraft.iron_axe":386,"stat.pickup.fossil.smilodon_meat":24,"stat.mineBlock.minecraft.cobblestone":144,"stat.mineBlock.minecraft.pumpkin":4,"stat.pickup.minecraft.flint":2,"stat.craftItem.minecraft.stone_brick_stairs":4,"stat.craftItem.minecraft.wool":2,"stat.killEntity.fossil.tarslime":15,"stat.swimOneCm":39707,"stat.climbOneCm":3281,"stat.pickup.minecraft.cooked_porkchop":8,"stat.drop.drpmedieval.dry_clay_chunk":4,"stat.useItem.minecraft.dirt":6,"stat.useItem.minecraft.stone_slab2":77,"stat.pickup.minecraft.stone_hoe":1,"stat.craftItem.minecraft.furnace":2,"stat.useItem.minecraft.egg":1,"stat.pickup.fossil.worktable":1,"stat.mineBlock.fossil.permafrost":3,"stat.pickup.rustic.cohosh":1,"stat.craftItem.fossil.skull_helmet":1,"stat.craftItem.minecraft.stone_pickaxe":1,"stat.craftItem.minecraft.cooked_beef":52,"stat.pickup.minecraft.cobblestone":1390,"stat.mineBlock.minecraft.clay":28,"stat.flyOneCm":542379,"stat.pickup.rustic.honeycomb":2,"stat.craftItem.minecraft.wooden_slab":12,"stat.useItem.minecraft.cooked_beef":35,"stat.mineBlock.minecraft.iron_ore":116,"stat.timeSinceDeath":1485,"stat.craftItem.rustic.planks":44,"stat.drop.minecraft.spider_eye":2,"stat.useItem.minecraft.wooden_slab":6,"stat.pickup.fossil.plant_fossil":33,"stat.pickup.minecraft.mutton":70,"stat.craftItem.minecraft.stonebrick":528,"stat.pickup.minecraft.stonebrick":6,"stat.entityKilledBy.fossil.tyrannosaurus":2,"stat.pickup.rustic.sapling":1,"stat.pickup.minecraft.trapdoor":1,"stat.mineBlock.minecraft.coal_ore":213,"stat.killEntity.Creeper":4,"stat.pickup.rustic.planks":9,"stat.pickup.minecraft.string":5,"stat.craftItem.minecraft.stone_slab2":0,"stat.useItem.minecraft.written_book":1,"stat.drop.drpmedieval.grindstone":1,"stat.sprintOneCm":612137,"stat.drop.rustic.tomato_seeds":1,"stat.mineBlock.minecraft.stone_slab":9,"stat.craftItem.minecraft.stick":44,"stat.killEntity.fossil.deinonychus":1,"stat.useItem.minecraft.stone_slab":123,"stat.craftItem.minecraft.stone":636,"stat.mineBlock.minecraft.crafting_table":9,"stat.pickup.fossil.relic_scrap":34,"stat.entityKilledBy.Creeper":2,"stat.mineBlock.minecraft.planks":10,"stat.drop":34,"stat.killEntity.Sheep":39,"stat.killEntity.Zombie":18,"stat.craftItem.minecraft.dye":53,"stat.diveOneCm":22602,"stat.drop.minecraft.stone_stairs":1,"stat.drop.minecraft.wooden_pickaxe":1,"stat.pickup.fossil.iced_meat":1,"stat.pickup.minecraft.gravel":27,"stat.craftItem.minecraft.cooked_porkchop":8,"stat.pickup.minecraft.stone_axe":1,"stat.killEntity.Lumberjack":1,"stat.useItem.minecraft.apple":1,"stat.craftItem.travelersbackpack.backpack_tank":2,"stat.jump":3831,"stat.useItem.minecraft.sand":1,"stat.pickup.minecraft.fence":2,"stat.pickup.minecraft.coal":303,"stat.mineBlock.fossil.fossil":136,"stat.useItem.minecraft.stone_axe":223,"stat.pickup.minecraft.gunpowder":2,"stat.pickup.minecraft.spider_eye":6,"stat.craftItem.minecraft.torch":12,"stat.pickup.minecraft.dirt":242,"stat.drop.rustic.sapling":1,"stat.pickup.minecraft.iron_ore":144,"stat.pickup.rustic.log":11,"stat.pickup.rustic.tomato_seeds":1,"stat.mineBlock.minecraft.leaves2":9,"stat.mineBlock.minecraft.stone_stairs":45,"stat.damageTaken":6774,"stat.pickup.minecraft.leather":34,"stat.useItem.minecraft.stone_brick_stairs":2,"stat.mineBlock.minecraft.furnace":3,"stat.mineBlock.minecraft.red_flower":2,"stat.mineBlock.minecraft.torch":11,"stat.useItem.minecraft.wooden_pickaxe":8,"stat.pickup.minecraft.log2":386,"stat.pickup.minecraft.reeds":14,"stat.pickup.minecraft.bed":1,"stat.pickup.fossil.sifter":1,"stat.craftItem.fossil.whip":1,"stat.damageDealt":21420,"stat.craftItem.minecraft.glass":18,"stat.sleepInBed":3,"stat.killEntity.Cow":36,"stat.killEntity.Pig":4,"stat.craftItem.minecraft.iron_sword":1,"stat.craftItem.minecraft.stone_slab":120,"stat.walkOneCm":966988,"stat.playerKills":1,"stat.pickup.minecraft.clay_ball":112,"stat.pickup.drpmedieval.grindstone":1,"stat.pickup.fossil.bone_arm_bone":15,"stat.pickup.minecraft.stone":232,"stat.pickup.minecraft.cooked_beef":2,"stat.killEntity.Skeleton":15,"stat.craftItem.travelersbackpack.sleeping_bag_bottom":1,"stat.mineBlock.minecraft.stonebrick":6,"stat.killEntity.Chicken":7,"stat.killEntity.Spider":8,"stat.pickup.minecraft.dark_oak_stairs":8,"stat.mobKills":162,"stat.pickup.fossil.broken_sword":1,"stat.pickup.fossil.skull_block":2,"stat.drop.minecraft.written_book":3,"stat.pickup.drpmedieval.dry_clay_chunk":4,"stat.mineBlock.minecraft.leaves":28,"stat.killEntity.fossil.titanis":3,"stat.pickup.minecraft.torch":11,"stat.mineBlock.minecraft.stone":1459,"stat.entityKilledBy.Llama":1}