{"stat.pickup.fossil.platybelodon_meat":10,"stat.drop.minecraft.mutton":1,"stat.leaveGame":10,"stat.craftItem.minecraft.iron_axe":2,"stat.pickup.fossil.bone_skull":3,"stat.craftItem.minecraft.shield":1,"stat.useItem.minecraft.planks":201,"stat.pickup.minecraft.porkchop":8,"stat.drop.minecraft.wooden_door":1,"stat.pickup.minecraft.rotten_flesh":14,"stat.pickup.minecraft.sand":20,"stat.mineBlock.rustic.beehive":1,"stat.craftItem.minecraft.stone_axe":3,"stat.pickup.fossil.bone_leg_bone":2,"stat.pickup.fossil.titanis_meat":14,"stat.craftItem.minecraft.stone_sword":1,"stat.mineBlock.fossil.iced_stone":1,"stat.mineBlock.minecraft.sand":20,"stat.mineBlock.rustic.log":11,"stat.useItem.minecraft.iron_pickaxe":1381,"stat.craftItem.minecraft.wooden_pickaxe":1,"stat.pickup.fossil.bone_foot":1,"stat.useItem.minecraft.iron_shovel":253,"stat.pickup.fossil.bone_unique_item":3,"stat.furnaceInteraction":85,"stat.mineBlock.minecraft.dark_oak_stairs":8,"stat.useItem.minecraft.dark_oak_stairs":18,"stat.pickup.minecraft.beef":52,"stat.pickup.fossil.tardrop":5,"stat.pickup.minecraft.furnace":3,"stat.craftItem.travelersbackpack.travelers_backpack":1,"stat.useItem.minecraft.stone_stairs":128,"stat.killEntity.fossil.stegosaurus":1,"stat.pickup.minecraft.stone_stairs":53,"stat.mineBlock.minecraft.fence":2,"stat.useItem.minecraft.dye":14,"stat.deaths":12,"stat.playOneMinute":290877,"stat.craftItem.minecraft.iron_pickaxe":5,"stat.drop.minecraft.iron_ingot":5,"stat.mineBlock.minecraft.tallgrass":52,"stat.craftItem.minecraft.cooked_mutton":39,"stat.chestOpened":79,"stat.useItem.minecraft.stone":103,"stat.pickup.minecraft.arrow":17,"stat.craftItem.minecraft.dark_oak_stairs":40,"stat.pickup.rustic.chamomile":1,"stat.craftItem.fossil.cultivate":1,"stat.drop.minecraft.iron_pickaxe":3,"stat.fallOneCm":71731,"stat.crouchOneCm":11758,"stat.pickup.fossil.bone_vertebrae":10,"stat.craftItem.minecraft.iron_ingot":72,"stat.craftItem.minecraft.chest":2,"stat.craftingTableInteraction":28,"stat.pickup.fossil.bone_ribcage":1,"stat.mineBlock.minecraft.log2":320,"stat.pickup.minecraft.feather":5,"stat.useItem.minecraft.furnace":2,"stat.pickup.minecraft.planks":11,"stat.pickup.minecraft.wheat_seeds":2,"stat.mineBlock.minecraft.gravel":22,"stat.useItem.minecraft.stone_pickaxe":462,"stat.useItem.minecraft.stone_sword":19,"stat.mineBlock.minecraft.dirt":269,"stat.entityKilledBy.fossil.titanis":1,"stat.drop.minecraft.stick":1,"stat.pickup.rustic.bee":2,"stat.useItem.minecraft.torch":14,"stat.drop.minecraft.rotten_flesh":4,"stat.pickup.minecraft.crafting_table":9,"stat.useItem.minecraft.cobblestone":245,"stat.craftItem.minecraft.crafting_table":1,"stat.pickup.minecraft.log":13,"stat.pickup.minecraft.iron_pickaxe":3,"stat.pickup.minecraft.chicken":5,"stat.pickup.minecraft.sapling":32,"stat.pickup.minecraft.wooden_door":2,"stat.pickup.minecraft.apple":1,"stat.craftItem.minecraft.bucket":1,"stat.craftItem.minecraft.planks":316,"stat.useItem.minecraft.iron_sword":74,"stat.useItem.minecraft.stonebrick":339,"stat.mineBlock.minecraft.log":10,"stat.pickup.minecraft.red_flower":2,"stat.sneakTime":5603,"stat.pickup.minecraft.wool":75,"stat.pickup.minecraft.stone_slab":10,"stat.drop.minecraft.wooden_axe":1,"stat.pickup.fossil.fossil_seed_fern":1,"stat.pickup.minecraft.bone":52,"stat.pickup.fossil.biofossil":31,"stat.useItem.minecraft.iron_axe":241,"stat.pickup.fossil.smilodon_meat":8,"stat.mineBlock.minecraft.cobblestone":134,"stat.pickup.minecraft.flint":1,"stat.craftItem.minecraft.wool":2,"stat.swimOneCm":23831,"stat.climbOneCm":3281,"stat.useItem.minecraft.dirt":4,"stat.useItem.minecraft.stone_slab2":60,"stat.pickup.minecraft.stone_hoe":1,"stat.craftItem.minecraft.furnace":2,"stat.pickup.fossil.worktable":1,"stat.mineBlock.fossil.permafrost":3,"stat.pickup.rustic.cohosh":1,"stat.craftItem.fossil.skull_helmet":1,"stat.craftItem.minecraft.stone_pickaxe":1,"stat.craftItem.minecraft.cooked_beef":52,"stat.pickup.minecraft.cobblestone":1318,"stat.flyOneCm":454790,"stat.pickup.rustic.honeycomb":2,"stat.craftItem.minecraft.wooden_slab":12,"stat.useItem.minecraft.cooked_beef":13,"stat.mineBlock.minecraft.iron_ore":116,"stat.timeSinceDeath":79224,"stat.craftItem.rustic.planks":44,"stat.drop.minecraft.spider_eye":2,"stat.useItem.minecraft.wooden_slab":6,"stat.pickup.fossil.plant_fossil":18,"stat.pickup.minecraft.mutton":50,"stat.craftItem.minecraft.stonebrick":400,"stat.pickup.minecraft.stonebrick":3,"stat.entityKilledBy.fossil.tyrannosaurus":2,"stat.pickup.rustic.sapling":1,"stat.mineBlock.minecraft.coal_ore":85,"stat.killEntity.Creeper":1,"stat.pickup.rustic.planks":9,"stat.pickup.minecraft.string":2,"stat.craftItem.minecraft.stone_slab2":0,"stat.useItem.minecraft.written_book":1,"stat.sprintOneCm":512768,"stat.drop.rustic.tomato_seeds":1,"stat.mineBlock.minecraft.stone_slab":7,"stat.craftItem.minecraft.stick":44,"stat.killEntity.fossil.deinonychus":1,"stat.useItem.minecraft.stone_slab":123,"stat.craftItem.minecraft.stone":524,"stat.mineBlock.minecraft.crafting_table":9,"stat.pickup.fossil.relic_scrap":19,"stat.entityKilledBy.Creeper":2,"stat.mineBlock.minecraft.planks":10,"stat.drop":21,"stat.killEntity.Sheep":25,"stat.killEntity.Zombie":6,"stat.craftItem.minecraft.dye":53,"stat.diveOneCm":9943,"stat.drop.minecraft.stone_stairs":1,"stat.drop.minecraft.wooden_pickaxe":1,"stat.pickup.fossil.iced_meat":1,"stat.pickup.minecraft.gravel":20,"stat.craftItem.minecraft.cooked_porkchop":8,"stat.pickup.minecraft.stone_axe":1,"stat.killEntity.Lumberjack":1,"stat.useItem.minecraft.apple":1,"stat.craftItem.travelersbackpack.backpack_tank":2,"stat.jump":2925,"stat.useItem.minecraft.sand":1,"stat.pickup.minecraft.fence":2,"stat.pickup.minecraft.coal":175,"stat.mineBlock.fossil.fossil":48,"stat.useItem.minecraft.stone_axe":223,"stat.pickup.minecraft.spider_eye":4,"stat.craftItem.minecraft.torch":12,"stat.pickup.minecraft.dirt":235,"stat.drop.rustic.sapling":1,"stat.pickup.minecraft.iron_ore":144,"stat.pickup.rustic.log":11,"stat.pickup.rustic.tomato_seeds":1,"stat.mineBlock.minecraft.leaves2":9,"stat.mineBlock.minecraft.stone_stairs":45,"stat.damageTaken":4582,"stat.pickup.minecraft.leather":20,"stat.mineBlock.minecraft.furnace":3,"stat.mineBlock.minecraft.red_flower":2,"stat.mineBlock.minecraft.torch":7,"stat.useItem.minecraft.wooden_pickaxe":8,"stat.pickup.minecraft.log2":320,"stat.pickup.minecraft.reeds":14,"stat.pickup.minecraft.bed":1,"stat.pickup.fossil.sifter":1,"stat.craftItem.fossil.whip":1,"stat.damageDealt":10902,"stat.craftItem.minecraft.glass":18,"stat.sleepInBed":3,"stat.killEntity.Cow":24,"stat.killEntity.Pig":4,"stat.craftItem.minecraft.iron_sword":1,"stat.craftItem.minecraft.stone_slab":120,"stat.walkOneCm":710247,"stat.playerKills":1,"stat.pickup.fossil.bone_arm_bone":7,"stat.pickup.minecraft.stone":230,"stat.killEntity.Skeleton":6,"stat.craftItem.travelersbackpack.sleeping_bag_bottom":1,"stat.mineBlock.minecraft.stonebrick":3,"stat.killEntity.Chicken":5,"stat.killEntity.Spider":4,"stat.pickup.minecraft.dark_oak_stairs":8,"stat.mobKills":82,"stat.drop.minecraft.written_book":3,"stat.mineBlock.minecraft.leaves":22,"stat.killEntity.fossil.titanis":2,"stat.pickup.minecraft.torch":7,"stat.mineBlock.minecraft.stone":1395,"stat.entityKilledBy.Llama":1}