{"stat.pickup.fossil.platybelodon_meat":20,"stat.useItem.minecraft.bow":34,"stat.pickup.fossil.bubble_blower":3,"stat.entityKilledBy.fossil.stegosaurus":1,"stat.pickup.minecraft.wooden_slab":28,"stat.pickup.t3s4ebw.magic_seed":18,"stat.leaveGame":69,"stat.pickup.ebwizardry.spell_book":16,"stat.craftItem.fossil.bio_goo":4,"stat.craftItem.fossil.bubble_blower":1,"stat.drop.forge.bucketfilled":1,"stat.pickup.fossil.bone_skull":19,"stat.craftItem.fossil.dinopedia":1,"stat.mineBlock.minecraft.web":1,"stat.useItem.fossil.stegosaurus_cooked":27,"stat.pickup.fossil.bio_goo":1,"stat.useItem.fossil.quagga_cooked":1,"stat.craftItem.ebwizardry.oak_lectern":1,"stat.pickup.minecraft.rotten_flesh":90,"stat.pickup.drpmedieval.spruce_planks":2,"stat.craftItem.astikorcarts.wheel":10,"stat.craftItem.minecraft.stone_axe":4,"stat.pickup.minecraft.bucket":4,"stat.pickup.fossil.fossil_sapling_sigillaria":8,"stat.pickup.fossil.shin_leggings":3,"stat.pickup.fossil.feet_boots":2,"stat.craftItem.minecraft.iron_shovel":3,"stat.mineBlock.rustic.log":1,"stat.killEntity.Witch":3,"stat.craftItem.fossil.shin_leggings":1,"stat.mineBlock.fossil.vase_kylix":2,"stat.useItem.minecraft.iron_pickaxe":3017,"stat.pickup.fossil.toy_scratching_post":13,"stat.craftItem.minecraft.wooden_pickaxe":1,"stat.craftItem.minecraft.iron_door":6,"stat.useItem.minecraft.iron_shovel":516,"stat.pickup.minecraft.double_plant":4,"stat.craftItem.minecraft.bed":7,"stat.pickup.fossil.velociraptor_dna":1,"stat.craftItem.minecraft.glass_pane":16,"stat.useItem.fossil.sifter":1,"stat.mineBlock.minecraft.hopper":7,"stat.pickup.fossil.volcanic_rock":8,"stat.useItem.drpmedieval.hanging_bridge":10,"stat.pickup.fossil.bone_unique_item":26,"stat.pickup.rustic.wildberries":3,"stat.furnaceInteraction":231,"stat.killEntity.ZombieVillager":2,"stat.craftItem.fossil.stegosaurus_cooked":32,"stat.useItem.minecraft.double_plant":1,"stat.pickup.fossil.tardrop":10,"stat.pickup.ebwizardry.arcane_tome":1,"stat.pickup.rustic.apiary":1,"stat.craftItem.securitycraft.keycard_reader":1,"stat.useItem.rustic.wildberries":4,"stat.pickup.drpmedieval.clock_dial":2,"stat.mineBlock.drpmedieval.pottery_turntable":6,"stat.drop.minecraft.furnace":61,"stat.killEntity.fossil.stegosaurus":2,"stat.pickup.securitycraft.security_camera":4,"stat.pickup.securitycraft.reinforced_planks":2,"stat.mineBlock.minecraft.fence":9,"stat.craftItem.ebwizardry.magic_wand":2,"stat.pickup.minecraft.emerald":161,"stat.useItem.minecraft.dye":55,"stat.drop.fossil.whip":2,"stat.pickup.minecraft.lever":1,"stat.deaths":40,"stat.craftItem.fossil.quagga_cooked":1,"stat.pickup.minecraft.egg":14,"stat.pickup.tektopia.structure_barracks":1,"stat.craftItem.fossil.megalania_cooked":6,"stat.craftItem.minecraft.iron_pickaxe":20,"stat.mineBlock.drpmedieval.stone_mortar_and_pestle":2,"stat.pickup.minecraft.glass_pane":14,"stat.pickup.minecraft.item_frame":24,"stat.drop.minecraft.iron_ingot":26,"stat.useItem.securitycraft.camera_monitor":5,"stat.pickup.fossil.vase_amphora":2,"stat.mineBlock.minecraft.tallgrass":44,"stat.craftItem.minecraft.cooked_mutton":110,"stat.pickup.minecraft.cooked_mutton":12,"stat.chestOpened":851,"stat.useItem.minecraft.splash_potion":1,"stat.craftItem.minecraft.sign":3,"stat.useItem.minecraft.stone":84,"stat.mineBlock.rustic.chamomile":3,"stat.pickup.fossil.ankylosaurus_meat":24,"stat.pickup.minecraft.arrow":83,"stat.pickup.minecraft.wooden_pressure_plate":3,"stat.pickup.rustic.chamomile":4,"stat.killEntity.fossil.parasaurolophus":3,"stat.pickup.minecraft.gold_nugget":2,"stat.drop.minecraft.iron_pickaxe":11,"stat.pickup.minecraft.carrot":132,"stat.crouchOneCm":22503,"stat.pickup.fossil.bone_vertebrae":83,"stat.mineBlock.minecraft.chest":43,"stat.mineBlock.drpmedieval.butter_churn":4,"stat.craftItem.minecraft.iron_ingot":365,"stat.craftItem.minecraft.hopper":6,"stat.mineBlock.drpmedieval.large_oak_lectern":2,"stat.craftingTableInteraction":181,"stat.pickup.drpmedieval.simple_plank_oak_table":1,"stat.mineBlock.minecraft.log2":2,"stat.pickup.minecraft.wooden_pickaxe":2,"stat.mineBlock.fossil.figurine":14,"stat.pickup.fossil.platybelodon_dna":8,"stat.pickup.minecraft.dye":635,"stat.pickup.minecraft.planks":211,"stat.useItem.fossil.stone_tablet":47,"stat.pickup.minecraft.wheat_seeds":13,"stat.craftItem.ebwizardry.wizard_handbook":1,"stat.mineBlock.fossil.volcanic_rock":9,"stat.mineBlock.fossil.bubble_blower":2,"stat.mineBlock.minecraft.dirt":420,"stat.useItem.fossil.toy_tethered_log":1,"stat.pickup.minecraft.poisonous_potato":3,"stat.entityKilledBy.fossil.titanis":1,"stat.pickup.securitycraft.keycard_reader":1,"stat.pickup.securitycraft.reinforced_glass_block":39,"stat.pickup.fossil.deinonychus_meat":20,"stat.mineBlock.drpmedieval.juice_press":2,"stat.mineBlock.drpmedieval.firepit_lit":4,"stat.drop.minecraft.rotten_flesh":3,"stat.useItem.securitycraft.reinforced_glass_block":1,"stat.useItem.minecraft.cobblestone":299,"stat.drop.fossil.dominican_amber":2,"stat.useItem.minecraft.gravel":1,"stat.mineBlock.minecraft.double_plant":2,"stat.mineBlock.drpmedieval.grindstone":8,"stat.craftItem.astikorcarts.mobcart":2,"stat.killEntity.fossil.smilodon":2,"stat.pickup.securitycraft.reinforced_stone":40,"stat.pickup.minecraft.iron_pickaxe":13,"stat.craftItem.minecraft.gold_ingot":120,"stat.pickup.minecraft.hopper":7,"stat.pickup.minecraft.chicken":2,"stat.pickup.minecraft.apple":1,"stat.mineBlock.drpmedieval.clock_dial":2,"stat.craftItem.securitycraft.door_indestructible_iron_item":3,"stat.mineBlock.ebwizardry.dark_oak_bookshelf":11,"stat.craftItem.securitycraft.reinforced_glass_block":157,"stat.craftItem.minecraft.planks":3488,"stat.useItem.securitycraft.universal_block_remover":38,"stat.pickup.tektopia.structure_blacksmith":1,"stat.useItem.minecraft.stonebrick":119,"stat.pickup.minecraft.book":227,"stat.mineBlock.minecraft.log":98,"stat.useItem.carryon.entity_item":1,"stat.mineBlock.drpmedieval.anvil":3,"stat.pickup.minecraft.iron_door":3,"stat.pickup.minecraft.red_flower":6,"stat.pickup.minecraft.wool":154,"stat.drop.securitycraft.reinforced_glass_block":72,"stat.useItem.t3s4ebw.magic_seed":8,"stat.pickup.ebwizardry.oak_lectern":1,"stat.mineBlock.fossil.analyzer":1,"stat.pickup.drpmedieval.oak_wood_support":64,"stat.pickup.fossil.fossil_seed_fern":104,"stat.pickup.fossil.biofossil":90,"stat.useItem.minecraft.iron_axe":1145,"stat.pickup.fossil.smilodon_meat":8,"stat.mineBlock.minecraft.cobblestone":218,"stat.drop.fossil.ancient_sword":1,"stat.pickup.minecraft.stone_pickaxe":2,"stat.pickup.minecraft.flint":24,"stat.mineBlock.minecraft.yellow_flower":2,"stat.mineBlock.drpmedieval.oak_flower_pot":3,"stat.craftItem.ebwizardry.novice_fire_wand":1,"stat.entityKilledBy.Witch":2,"stat.pickup.rustic.mooncap_mushroom":14,"stat.craftItem.minecraft.wool":8,"stat.killEntity.fossil.tarslime":1,"stat.pickup.tektopia.structure_guard_post":23,"stat.drop.minecraft.saddle":1,"stat.pickup.fossil.gold_javelin":6,"stat.drop.minecraft.cobblestone":3,"stat.pickup.minecraft.cooked_porkchop":8,"stat.mineBlock.fossil.vase_amphora":2,"stat.useItem.minecraft.stone_slab2":462,"stat.pickup.drpmedieval.forge":5,"stat.pickup.securitycraft.lens":24,"stat.pickup.minecraft.bow":9,"stat.drop.ebwizardry.magic_wand":2,"stat.pickup.forge.bucketfilled":1,"stat.pickup.minecraft.stone_hoe":1,"stat.craftItem.minecraft.furnace":13,"stat.pickup.fossil.vase_volute":3,"stat.useItem.minecraft.egg":3,"stat.craftItem.minecraft.iron_boots":1,"stat.mineBlock.fossil.permafrost":3,"stat.mineBlock.minecraft.clay":8,"stat.flyOneCm":2538308,"stat.pickup.rustic.honeycomb":64,"stat.pickup.rustic.slate":17,"stat.pickup.fossil.quagga_meat":3,"stat.timeSinceDeath":89810,"stat.craftItem.rustic.planks":4,"stat.drop.minecraft.spider_eye":1,"stat.craftItem.securitycraft.security_camera":2,"stat.pickup.ebwizardry.arcane_workbench":8,"stat.craftItem.minecraft.iron_block":3,"stat.craftItem.ebwizardry.magic_crystal":113,"stat.pickup.travelersbackpack.travelers_backpack":4,"stat.pickup.securitycraft.keypad":8,"stat.useItem.minecraft.potato":64,"stat.mineBlock.minecraft.coal_ore":178,"stat.mineBlock.drpmedieval.simple_plank_oak_table":1,"stat.useItem.minecraft.armor_stand":7,"stat.killEntity.Creeper":5,"stat.craftItem.minecraft.stone_hoe":16,"stat.talkedToVillager":3,"stat.drop.minecraft.baked_potato":42,"stat.mineBlock.drpmedieval.simple_oak_shelf":8,"stat.pickup.minecraft.string":39,"stat.pickup.ebwizardry.magic_wand":2,"stat.pickup.tektopia.structure_townhall":1,"stat.drop.minecraft.oak_stairs":1,"stat.useItem.minecraft.written_book":11,"stat.sprintOneCm":3135061,"stat.mineBlock.minecraft.stone_slab":17,"stat.killEntity.ebwizardry:evil_wizard":3,"stat.mineBlock.rustic.wildberry_bush":1,"stat.mineBlock.minecraft.diamond_ore":1,"stat.entityKilledBy.VindicationIllager":1,"stat.pickup.fossil.relic_scrap":54,"stat.craftItem.astikorcarts.plowcart":1,"stat.pickup.fossil.therizinosaurus_meat":13,"stat.pickup.minecraft.sugar":4,"stat.pickup.ebwizardry.ruined_spell_book":4,"stat.useItem.ebwizardry.oak_bookshelf":6,"stat.craftItem.minecraft.emerald":1,"stat.pickup.drpmedieval.simple_oak_shelf":10,"stat.killEntity.Zombie":49,"stat.craftItem.minecraft.dye":199,"stat.pickup.minecraft.snowball":8,"stat.mineBlock.minecraft.gold_ore":44,"stat.useItem.astikorcarts.mobcart":9,"stat.diveOneCm":105550,"stat.pickup.minecraft.wheat":590,"stat.drop.minecraft.stone_stairs":6,"stat.mineBlock.drpmedieval.oak_wood_support":54,"stat.pickup.minecraft.sign":4,"stat.pickup.minecraft.stone_axe":4,"stat.mineBlock.fossil.vase_volute":3,"stat.drop.minecraft.apple":37,"stat.jump":12896,"stat.useItem.minecraft.sand":3,"stat.killEntity.fossil.ankylosaurus":2,"stat.pickup.minecraft.coal":244,"stat.pickup.minecraft.iron_ingot":114,"stat.mineBlock.fossil.fossil":231,"stat.craftItem.minecraft.lever":1,"stat.useItem.t3s4ebw.crystal_crop":41,"stat.pickup.minecraft.gunpowder":14,"stat.useItem.ebwizardry.dark_oak_bookshelf":4,"stat.craftItem.minecraft.torch":24,"stat.pickup.minecraft.dirt":697,"stat.drop.minecraft.iron_shovel":1,"stat.pickup.fossil.pottery_shard":55,"stat.pickup.fossil.parasaurolophus_meat":13,"stat.pickup.rustic.log":1,"stat.pickup.drpmedieval.juice_press":2,"stat.pickup.minecraft.gold_ore":47,"stat.mineBlock.minecraft.lapis_ore":15,"stat.pickup.rustic.wind_thistle":14,"stat.pickup.minecraft.iron_axe":4,"stat.mineBlock.minecraft.glass_pane":14,"stat.damageTaken":21790,"stat.pickup.ebwizardry.scroll":7,"stat.pickup.minecraft.written_book":21,"stat.mineBlock.minecraft.red_flower":6,"stat.mineBlock.minecraft.torch":32,"stat.tradedWithVillager":42,"stat.useItem.securitycraft.reinforced_stone":14,"stat.pickup.minecraft.log2":256,"stat.pickup.ebwizardry.crystal_flower":290,"stat.craftItem.securitycraft.keypad_frame":2,"stat.pickup.drpmedieval.simple_plank_oak_chair":4,"stat.pickup.minecraft.bed":12,"stat.pickup.drpmedieval.simple_oak_stairs":20,"stat.pickup.fossil.sifter":7,"stat.useItem.securitycraft.reinforced_stone_slabs":4,"stat.pickup.minecraft.potato":320,"stat.entityKilledBy.Zombie":6,"stat.drop.fossil.aquatic_scarab_gem":1,"stat.pickup.drpmedieval.butter_churn":5,"stat.craftItem.securitycraft.lens":12,"stat.craftItem.minecraft.stone_slab":48,"stat.craftItem.securitycraft.universal_block_reinforcer_lvl1":1,"stat.mineBlock.ebwizardry.oak_lectern":1,"stat.useItem.minecraft.chest":26,"stat.pickup.drpmedieval.wood_wrench":1,"stat.pickup.drpmedieval.grindstone":9,"stat.useItem.minecraft.gold_ore":1,"stat.useItem.securitycraft.reinforced_stone_brick":7,"stat.useItem.minecraft.item_frame":25,"stat.drop.securitycraft.keycard_lv5":2,"stat.pickup.fossil.bone_arm_bone":35,"stat.pickup.drpmedieval.oak_ships_helm":1,"stat.craftItem.minecraft.iron_chestplate":1,"stat.pickup.minecraft.baked_potato":42,"stat.drop.drpmedieval.apple_green":11,"stat.pickup.drpmedieval.oak_crate":2,"stat.pickup.minecraft.cooked_beef":16,"stat.craftItem.travelersbackpack.sleeping_bag_bottom":3,"stat.mineBlock.minecraft.stonebrick":41,"stat.pickup.fossil.stegosaurus_cooked":4,"stat.craftItem.ebwizardry.crystal_shard":9,"stat.pickup.minecraft.dark_oak_stairs":31,"stat.useItem.securitycraft.lens":5,"stat.mobKills":180,"stat.mineBlock.minecraft.bookshelf":73,"stat.craftItem.minecraft.shears":1,"stat.pickup.fossil.broken_sword":1,"stat.pickup.fossil.skull_block":14,"stat.drop.minecraft.written_book":4,"stat.pickup.securitycraft.reinforced_stone_button":3,"stat.pickup.minecraft.diamond":1,"stat.pickup.minecraft.beetroot_seeds":2,"stat.killEntity.fossil.titanis":9,"stat.pickup.minecraft.torch":141,"stat.killEntity.ebwizardry:remnant":1,"stat.craftItem.fossil.titanis_cooked":22,"stat.craftItem.minecraft.compass":2,"stat.mineBlock.rustic.wind_thistle":3,"stat.useItem.minecraft.string":2,"stat.killEntity.fossil.pachycephalosaurus":1,"stat.pickup.drpmedieval.oak_honey_centrifuge":3,"stat.mineBlock.ebwizardry.crystal_flower":60,"stat.craftItem.minecraft.iron_axe":6,"stat.useItem.fossil.parasaurolophus_cooked":6,"stat.pickup.astikorcarts.cargocart":1,"stat.pickup.drpmedieval.silver_telescope":3,"stat.useItem.minecraft.planks":3109,"stat.pickup.fossil.triceratops_dna":1,"stat.drop.ebwizardry.dark_oak_bookshelf":1,"stat.pickup.minecraft.porkchop":2,"stat.mineBlock.ebwizardry.oak_bookshelf":13,"stat.pickup.fossil.toy_tethered_log":17,"stat.pickup.minecraft.glass":3,"stat.pickup.tektopia.chair":8,"stat.pickup.ebwizardry.gilded_wood":1,"stat.useItem.minecraft.water_bucket":7,"stat.drop.fossil.toy_tethered_log":1,"stat.pickup.minecraft.sand":308,"stat.mineBlock.rustic.beehive":1,"stat.mineBlock.drpmedieval.simple_oak_chest":1,"stat.craftItem.tektopia.chair":6,"stat.pickup.fossil.bone_leg_bone":39,"stat.pickup.fossil.titanis_meat":24,"stat.pickup.minecraft.wooden_hoe":6,"stat.mineBlock.fossil.iced_stone":11,"stat.mineBlock.minecraft.sand":236,"stat.pickup.securitycraft.reinforced_cobblestone":79,"stat.hopperInspected":48,"stat.useItem.securitycraft.reinforced_cobblestone":72,"stat.useItem.minecraft.spawn_egg":35,"stat.craftItem.securitycraft.reinforced_stone_button":14,"stat.pickup.fossil.bone_foot":38,"stat.craftItem.fossil.toy_scratching_post":1,"stat.pickup.tektopia.structure_school":4,"stat.pickup.minecraft.armor_stand":13,"stat.drop.rustic.chamomile":1,"stat.mineBlock.fossil.cultivate":1,"stat.pickup.drpmedieval.clock_core":1,"stat.useItem.minecraft.oak_stairs":61,"stat.killEntity.fossil.quagga":3,"stat.useItem.minecraft.dark_oak_stairs":1,"stat.drop.fossil.bio_goo":4,"stat.craftItem.ebwizardry.arcane_workbench":1,"stat.craftItem.fossil.skull_chestplate":1,"stat.pickup.fossil.skull_chestplate":6,"stat.mineBlock.ebwizardry.runestone":18,"stat.pickup.minecraft.furnace":69,"stat.useItem.minecraft.cooked_mutton":66,"stat.craftItem.travelersbackpack.travelers_backpack":3,"stat.pickup.fossil.failuresaurus_flesh":5,"stat.killEntity.Horse":1,"stat.useItem.drpmedieval.simple_oak_stairs":36,"stat.mineBlock.drpmedieval.forge":4,"stat.pickup.minecraft.stone_stairs":28,"stat.mineBlock.rustic.apiary":1,"stat.useItem.astikorcarts.cargocart":3,"stat.mineBlock.drpmedieval.oak_chopping_block":3,"stat.mineBlock.drpmedieval.dry_clay_grass":1,"stat.useItem.fossil.ancient_sword":221,"stat.craftItem.rustic.apiary":1,"stat.useItem.minecraft.hopper":3,"stat.pickup.minecraft.saddle":2,"stat.useItem.ebwizardry.runestone":1,"stat.craftItem.minecraft.heavy_weighted_pressure_plate":2,"stat.mineBlock.minecraft.oak_stairs":49,"stat.pickup.drpmedieval.anvil":4,"stat.pickup.fossil.broken_helmet":1,"stat.mineBlock.drpmedieval.cauldron":3,"stat.playOneMinute":1588843,"stat.drop.securitycraft.universal_block_reinforcer_lvl1":1,"stat.pickup.fossil.fossil_sapling_palae":8,"stat.craftItem.securitycraft.keypad_item":1,"stat.craftItem.ebwizardry.gilded_wood":8,"stat.pickup.fossil.stegosaurus_meat":24,"stat.pickup.minecraft.pumpkin":4,"stat.craftItem.minecraft.carpet":3,"stat.pickup.securitycraft.door_indestructible_iron_item":10,"stat.mineBlock.minecraft.ice":1,"stat.craftItem.minecraft.dark_oak_stairs":4,"stat.drop.minecraft.flint":2,"stat.useItem.ebwizardry.crystal_flower":44,"stat.drop.fossil.bone_skull":1,"stat.drop.fossil.smilodon_meat":8,"stat.mineBlock.rustic.slate":12,"stat.pickup.drpmedieval.spinning_wheel":6,"stat.craftItem.minecraft.iron_hoe":1,"stat.pickup.fossil.dominican_amber":9,"stat.fallOneCm":304936,"stat.drop.minecraft.stone":1,"stat.pickup.drpmedieval.oak_wood_beam":15,"stat.mineBlock.rustic.horsetail":2,"stat.craftItem.minecraft.chest":25,"stat.useItem.minecraft.iron_hoe":27,"stat.pickup.rustic.horsetail":10,"stat.pickup.minecraft.heavy_weighted_pressure_plate":1,"stat.entityKilledBy.ebwizardry:evil_wizard":4,"stat.drop.fossil.stegosaurus_cooked":6,"stat.craftItem.fossil.therizinosaurus_cooked":13,"stat.pickup.fossil.bone_ribcage":12,"stat.pickup.minecraft.feather":5,"stat.pickup.drpmedieval.honey_comb":1,"stat.craftItem.minecraft.wooden_button":1,"stat.pickup.fossil.whip":3,"stat.useItem.minecraft.furnace":7,"stat.drop.fossil.titanis_meat":6,"stat.mineBlock.minecraft.gravel":113,"stat.useItem.minecraft.stone_pickaxe":36,"stat.craftItem.minecraft.iron_leggings":1,"stat.pickup.fossil.cultivate":2,"stat.pickup.fossil.vase_kylix":2,"stat.drop.minecraft.iron_axe":3,"stat.drop.securitycraft.reinforced_glass_pane":1,"stat.pickup.rustic.bee":66,"stat.useItem.minecraft.torch":129,"stat.pickup.minecraft.golden_apple":2,"stat.drop.drpmedieval.honey_comb":1,"stat.useItem.drpmedieval.simple_plank_oak_chair":3,"stat.mineBlock.drpmedieval.clock_core":1,"stat.useItem.fossil.ankylosaurus_cooked":10,"stat.craftItem.minecraft.redstone_block":1,"stat.pickup.minecraft.crafting_table":11,"stat.useItem.minecraft.log":67,"stat.craftItem.minecraft.crafting_table":6,"stat.craftItem.securitycraft.camera_monitor":1,"stat.pickup.fossil.fossilseed":94,"stat.craftItem.fossil.ankylosaurus_cooked":12,"stat.mineBlock.ebwizardry.crystal_ore":9,"stat.pickup.minecraft.log":249,"stat.pickup.fossil.analyzer":1,"stat.drop.minecraft.stonebrick":1,"stat.pickup.drpmedieval.hanging_bridge":1,"stat.craftItem.minecraft.stone_button":4,"stat.pickup.securitycraft.keycard_lv5":1,"stat.drop.minecraft.planks":1,"stat.pickup.securitycraft.keycard_lv1":1,"stat.craftItem.fossil.toy_tethered_log":1,"stat.pickup.minecraft.sapling":72,"stat.pickup.minecraft.wooden_door":6,"stat.entityKilledBy.Enderman":1,"stat.mineBlock.rustic.mooncap_mushroom":3,"stat.killEntity.fossil.therizinosaurus":1,"stat.drop.minecraft.bow":1,"stat.pickup.minecraft.beetroot":4,"stat.pickup.securitycraft.reinforced_glass_pane":7,"stat.killEntity.fossil.failuresaurus":1,"stat.mineBlock.tektopia.chair":8,"stat.sneakTime":14473,"stat.pickup.rustic.chili_pepper_seeds":7,"stat.drop.minecraft.bucket":2,"stat.drop.rustic.bee":1,"stat.pickup.drpmedieval.oak_flower_pot":4,"stat.pickup.minecraft.stone_slab":59,"stat.pickup.minecraft.yellow_flower":3,"stat.pickup.tektopia.heart":7,"stat.pickup.minecraft.chest":43,"stat.pickup.securitycraft.reinforced_sand":168,"stat.mineBlock.drpmedieval.simple_oak_stairs":20,"stat.craftItem.fossil.tooth_dagger":1,"stat.pickup.minecraft.bone":281,"stat.mineBlock.drpmedieval.oak_honey_centrifuge":2,"stat.horseOneCm":1792573,"stat.pickup.drpmedieval.large_oak_lectern":3,"stat.pickup.fossil.tyrannosaurus_meat":12,"stat.useItem.drpmedieval.oak_wood_support":74,"stat.pickup.fossil.figurine":16,"stat.mineBlock.ebwizardry.runestone_pedestal":1,"stat.craftItem.fossil.feeder":1,"stat.swimOneCm":191689,"stat.pickup.rustic.ginseng":15,"stat.mineBlock.drpmedieval.spinning_wheel":5,"stat.climbOneCm":9624,"stat.craftItem.fossil.feet_boots":1,"stat.pickup.drpmedieval.cauldron":3,"stat.pickup.fossil.ancient_helmet":1,"stat.useItem.minecraft.dirt":86,"stat.pickup.tektopia.structure_home2":4,"stat.pickup.fossil.nautilus_dna":1,"stat.craftItem.antiqueatlas.empty_antique_atlas":2,"stat.pickup.fossil.worktable":10,"stat.killEntity.fossil.platybelodon":1,"stat.pickup.tektopia.structure_home6":1,"stat.pickup.minecraft.anvil":1,"stat.useItem.minecraft.iron_ore":1,"stat.pickup.rustic.cohosh":7,"stat.craftItem.fossil.skull_helmet":1,"stat.craftItem.minecraft.stone_pickaxe":1,"stat.pickup.minecraft.cobblestone":2321,"stat.useItem.securitycraft.security_camera":2,"stat.pickup.minecraft.clay":28,"stat.useItem.securitycraft.door_indestructible_iron_item":1,"stat.useItem.minecraft.cooked_beef":8,"stat.craftItem.minecraft.wooden_slab":6,"stat.pickup.minecraft.redstone":134,"stat.mineBlock.minecraft.iron_ore":260,"stat.pickup.securitycraft.keypad_item":1,"stat.entityKilledBy.fossil.megalania":2,"stat.useItem.minecraft.sign":3,"stat.pickup.fossil.plant_fossil":74,"stat.pickup.minecraft.mutton":37,"stat.pickup.minecraft.mossy_cobblestone":17,"stat.mineBlock.ebwizardry.arcane_workbench":8,"stat.useItem.drpmedieval.simple_oak_shelf":2,"stat.drop.minecraft.coal":1,"stat.pickup.drpmedieval.tap":2,"stat.mineBlock.drpmedieval.simple_plank_oak_chair":4,"stat.pickup.minecraft.stonebrick":105,"stat.drop.fossil.bone_arm_bone":4,"stat.pickup.ebwizardry.magic_crystal":79,"stat.pickup.minecraft.iron_shovel":3,"stat.pickup.minecraft.carpet":2,"stat.drop.fossil.stone_tablet":1,"stat.pickup.fossil.skull_helmet":5,"stat.pickup.drpmedieval.simple_carpenter_workbench":2,"stat.pickup.fossil.titanis_dna":16,"stat.craftItem.minecraft.stone_slab2":0,"stat.craftItem.minecraft.stick":376,"stat.killEntity.fossil.deinonychus":2,"stat.useItem.minecraft.stone_slab":23,"stat.drop.fossil.sarcosuchus_dna":1,"stat.craftItem.minecraft.stone":347,"stat.craftItem.minecraft.gold_nugget":18,"stat.craftItem.minecraft.armor_stand":11,"stat.pickup.ebwizardry.runestone_pedestal":1,"stat.mineBlock.minecraft.crafting_table":9,"stat.useItem.minecraft.carrot":9,"stat.pickup.fossil.chicken_essence":2,"stat.pickup.drpmedieval.oak_planks":10,"stat.entityKilledBy.Creeper":1,"stat.pickup.ebwizardry.dark_oak_bookshelf":11,"stat.killEntity.ebwizardry:wizard":1,"stat.mineBlock.minecraft.planks":179,"stat.pickup.ebwizardry.oak_bookshelf":13,"stat.drop":108,"stat.craftItem.fossil.analyzer":1,"stat.killEntity.Sheep":26,"stat.craftItem.securitycraft.universal_block_remover":1,"stat.pickup.fossil.stone_tablet":45,"stat.pickup.rustic.wildberry_bush":1,"stat.pickup.fossil.ancient_sword":1,"stat.pickup.fossil.iced_meat":3,"stat.pickup.minecraft.gravel":169,"stat.drop.minecraft.cooked_beef":1,"stat.useItem.minecraft.diamond_axe":48,"stat.mineBlock.minecraft.anvil":1,"stat.useItem.minecraft.apple":4,"stat.pickup.minecraft.stone_brick_stairs":2,"stat.killEntity.Miner":1,"stat.pickup.minecraft.brick":32,"stat.craftItem.travelersbackpack.backpack_tank":6,"stat.useItem.fossil.titanis_cooked":17,"stat.pickup.minecraft.fence":30,"stat.useItem.minecraft.wooden_hoe":1,"stat.useItem.tektopia.chair":11,"stat.pickup.drpmedieval.bone_war_horn":3,"stat.useItem.minecraft.stone_axe":274,"stat.pickup.minecraft.spider_eye":17,"stat.pickup.fossil.fossil_sapling_calamites":7,"stat.craftItem.minecraft.iron_helmet":1,"stat.useItem.fossil.worktable":2,"stat.drop.minecraft.glass":2,"stat.pickup.minecraft.iron_ore":290,"stat.mineBlock.fossil.sifter":7,"stat.craftItem.fossil.aquatic_scarab_gem":1,"stat.pickup.rustic.tomato_seeds":11,"stat.mineBlock.minecraft.stone_stairs":8,"stat.pickup.minecraft.leather":8,"stat.killEntity.fossil.megalania":1,"stat.mineBlock.minecraft.furnace":7,"stat.useItem.minecraft.wooden_pickaxe":7,"stat.drop.minecraft.water_bucket":2,"stat.pickup.drpmedieval.firepit_lit":4,"stat.pickup.minecraft.reeds":8,"stat.pickup.securitycraft.reinforced_stone_slabs":6,"stat.pickup.minecraft.oak_stairs":94,"stat.craftItem.fossil.whip":1,"stat.damageDealt":39891,"stat.craftItem.minecraft.glass":69,"stat.sleepInBed":17,"stat.craftItem.minecraft.baked_potato":11,"stat.craftItem.minecraft.anvil":1,"stat.useItem.minecraft.crafting_table":1,"stat.killEntity.Pig":1,"stat.craftItem.minecraft.iron_sword":5,"stat.walkOneCm":2584983,"stat.playerKills":1,"stat.pickup.minecraft.stick":142,"stat.pickup.minecraft.clay_ball":32,"stat.killEntity.Guard":1,"stat.mineBlock.drpmedieval.oak_ships_helm":1,"stat.pickup.securitycraft.reinforced_stone_brick":9,"stat.pickup.tektopia.structure_kitchen":4,"stat.pickup.drpmedieval.stone_mortar_and_pestle":3,"stat.useItem.fossil.figurine":4,"stat.useItem.ebwizardry.arcane_workbench":4,"stat.entityKilledBy.fossil.pachycephalosaurus":2,"stat.pickup.drpmedieval.pottery_turntable":7,"stat.craftItem.fossil.parasaurolophus_cooked":13,"stat.pickup.minecraft.stone":487,"stat.mineBlock.minecraft.wool":50,"stat.craftItem.securitycraft.keycard_lv1":1,"stat.pickup.astikorcarts.mobcart":3,"stat.drop.securitycraft.keypad":1,"stat.craftItem.securitycraft.keycard_lv5":2,"stat.entityKilledBy.fossil.ankylosaurus":2,"stat.pickup.drpmedieval.apple_green":11,"stat.pickup.minecraft.gold_ingot":26,"stat.killEntity.Skeleton":29,"stat.killEntity.Chicken":1,"stat.drop.minecraft.crafting_table":1,"stat.killEntity.Spider":13,"stat.pickup.ebwizardry.runestone":18,"stat.useItem.minecraft.golden_apple":1,"stat.pickup.drpmedieval.oak_chopping_block":3,"stat.pickup.minecraft.water_bucket":3,"stat.pickup.drpmedieval.dry_clay_chunk":6,"stat.mineBlock.fossil.worktable":10,"stat.mineBlock.minecraft.leaves":36,"stat.mineBlock.drpmedieval.simple_carpenter_workbench":2,"stat.mineBlock.minecraft.redstone_ore":15,"stat.pickup.fossil.fossil_sapling_cordaites":10,"stat.pickup.rustic.core_root":6,"stat.mineBlock.drpmedieval.oak_crate":2,"stat.pickup.fossil.arthropleura_dna":1,"stat.mineBlock.minecraft.stone":1712}