{"stat.pickup.fossil.platybelodon_meat":20,"stat.useItem.minecraft.bow":43,"stat.entityKilledBy.fossil.stegosaurus":1,"stat.pickup.ebwizardry.spell_book":17,"stat.craftItem.fossil.bio_goo":4,"stat.pickup.fossil.bone_skull":24,"stat.craftItem.fossil.dinopedia":1,"stat.mineBlock.minecraft.web":1,"stat.useItem.fossil.stegosaurus_cooked":33,"stat.pickup.fossil.bio_goo":3,"stat.craftItem.ebwizardry.oak_lectern":1,"stat.pickup.minecraft.rotten_flesh":96,"stat.pickup.drpmedieval.spruce_planks":2,"stat.craftItem.astikorcarts.wheel":10,"stat.craftItem.minecraft.stone_axe":4,"stat.pickup.minecraft.bucket":4,"stat.pickup.fossil.fossil_sapling_sigillaria":8,"stat.craftItem.minecraft.iron_shovel":4,"stat.mineBlock.fossil.vase_kylix":2,"stat.useItem.minecraft.iron_pickaxe":4289,"stat.pickup.securitycraft.universal_block_remover":2,"stat.pickup.minecraft.double_plant":8,"stat.pickup.fossil.velociraptor_dna":1,"stat.craftItem.minecraft.glass_pane":16,"stat.useItem.fossil.sifter":2,"stat.pickup.fossil.bone_unique_item":30,"stat.furnaceInteraction":293,"stat.craftItem.fossil.stegosaurus_cooked":32,"stat.pickup.fossil.tardrop":10,"stat.useItem.rustic.wildberries":4,"stat.pickup.drpmedieval.clock_dial":2,"stat.useItem.minecraft.fence":67,"stat.mineBlock.drpmedieval.pottery_turntable":6,"stat.drop.minecraft.furnace":61,"stat.killEntity.fossil.stegosaurus":2,"stat.mineBlock.minecraft.fence":14,"stat.craftItem.ebwizardry.magic_wand":2,"stat.pickup.minecraft.emerald":161,"stat.drop.fossil.whip":2,"stat.pickup.minecraft.lever":1,"stat.deaths":43,"stat.pickup.minecraft.egg":16,"stat.craftItem.fossil.megalania_cooked":6,"stat.craftItem.minecraft.iron_pickaxe":22,"stat.mineBlock.drpmedieval.stone_mortar_and_pestle":2,"stat.pickup.minecraft.glass_pane":53,"stat.pickup.minecraft.item_frame":24,"stat.drop.minecraft.iron_ingot":26,"stat.pickup.fossil.vase_amphora":2,"stat.craftItem.minecraft.cooked_mutton":110,"stat.pickup.minecraft.cooked_mutton":12,"stat.chestOpened":1153,"stat.craftItem.minecraft.sign":6,"stat.mineBlock.rustic.chamomile":3,"stat.pickup.rustic.chamomile":4,"stat.killEntity.fossil.parasaurolophus":3,"stat.pickup.minecraft.gold_nugget":2,"stat.pickup.minecraft.carrot":132,"stat.crouchOneCm":33447,"stat.mineBlock.drpmedieval.butter_churn":4,"stat.craftItem.minecraft.iron_ingot":409,"stat.mineBlock.drpmedieval.large_oak_lectern":2,"stat.craftingTableInteraction":184,"stat.mineBlock.minecraft.log2":2,"stat.pickup.minecraft.wooden_pickaxe":2,"stat.mineBlock.fossil.figurine":14,"stat.pickup.fossil.platybelodon_dna":8,"stat.pickup.minecraft.dye":635,"stat.pickup.minecraft.planks":282,"stat.mineBlock.fossil.volcanic_rock":9,"stat.mineBlock.fossil.bubble_blower":2,"stat.useItem.fossil.toy_tethered_log":1,"stat.entityKilledBy.fossil.titanis":1,"stat.flowerPotted":1,"stat.pickup.securitycraft.reinforced_glass_block":39,"stat.mineBlock.drpmedieval.juice_press":2,"stat.drop.minecraft.rotten_flesh":3,"stat.useItem.securitycraft.reinforced_glass_block":1,"stat.pickup.securitycraft.reinforced_stone":46,"stat.mineBlock.ebwizardry.spruce_bookshelf":7,"stat.drop.minecraft.sapling":2,"stat.pickup.minecraft.chicken":4,"stat.craftItem.minecraft.planks":3640,"stat.useItem.securitycraft.universal_block_remover":44,"stat.pickup.tektopia.structure_blacksmith":1,"stat.useItem.minecraft.stonebrick":162,"stat.pickup.minecraft.book":227,"stat.useItem.carryon.entity_item":3,"stat.mineBlock.drpmedieval.anvil":3,"stat.pickup.minecraft.iron_door":3,"stat.drop.securitycraft.reinforced_glass_block":72,"stat.useItem.t3s4ebw.magic_seed":8,"stat.pickup.fossil.fossil_seed_fern":104,"stat.pickup.fossil.biofossil":166,"stat.mineBlock.minecraft.cobblestone":234,"stat.pickup.minecraft.stone_pickaxe":2,"stat.pickup.minecraft.flint":37,"stat.mineBlock.drpmedieval.oak_flower_pot":3,"stat.craftItem.ebwizardry.novice_fire_wand":1,"stat.pickup.rustic.mooncap_mushroom":14,"stat.pickup.minecraft.flower_pot":2,"stat.pickup.tektopia.structure_guard_post":23,"stat.drop.minecraft.cobblestone":3,"stat.pickup.minecraft.cooked_porkchop":8,"stat.mineBlock.fossil.vase_amphora":2,"stat.useItem.minecraft.stone_slab2":3299,"stat.pickup.drpmedieval.forge":5,"stat.pickup.securitycraft.lens":24,"stat.drop.ebwizardry.magic_wand":2,"stat.pickup.forge.bucketfilled":1,"stat.pickup.minecraft.stone_hoe":1,"stat.craftItem.minecraft.furnace":14,"stat.craftItem.minecraft.iron_boots":1,"stat.mineBlock.fossil.permafrost":3,"stat.mineBlock.minecraft.clay":8,"stat.pickup.fossil.quagga_meat":3,"stat.craftItem.rustic.planks":4,"stat.drop.minecraft.spider_eye":1,"stat.craftItem.securitycraft.security_camera":2,"stat.craftItem.minecraft.iron_block":3,"stat.killEntity.ebwizardry:lightning_wraith":2,"stat.pickup.securitycraft.keypad":8,"stat.pickup.fossil.stunted_essence":1,"stat.mineBlock.drpmedieval.simple_plank_oak_table":1,"stat.useItem.minecraft.armor_stand":7,"stat.killEntity.Creeper":6,"stat.pickup.minecraft.wooden_sword":7,"stat.mineBlock.drpmedieval.simple_oak_shelf":8,"stat.pickup.ebwizardry.magic_wand":2,"stat.entityKilledBy.Skeleton":1,"stat.drop.minecraft.oak_stairs":1,"stat.sprintOneCm":3862888,"stat.mineBlock.minecraft.stone_slab":32,"stat.useItem.carryon.tile_item":5,"stat.entityKilledBy.VindicationIllager":1,"stat.pickup.fossil.relic_scrap":65,"stat.craftItem.astikorcarts.plowcart":1,"stat.pickup.fossil.therizinosaurus_meat":13,"stat.pickup.minecraft.sugar":4,"stat.pickup.ebwizardry.ruined_spell_book":5,"stat.useItem.ebwizardry.oak_bookshelf":11,"stat.craftItem.minecraft.emerald":1,"stat.killEntity.Zombie":50,"stat.craftItem.minecraft.dye":209,"stat.mineBlock.minecraft.gold_ore":45,"stat.pickup.minecraft.wheat":598,"stat.drop.minecraft.stone_stairs":6,"stat.mineBlock.drpmedieval.oak_wood_support":54,"stat.pickup.minecraft.sign":11,"stat.mineBlock.fossil.vase_volute":3,"stat.killEntity.fossil.ankylosaurus":2,"stat.pickup.minecraft.coal":339,"stat.pickup.minecraft.iron_ingot":148,"stat.craftItem.minecraft.lever":1,"stat.pickup.minecraft.gunpowder":15,"stat.useItem.ebwizardry.dark_oak_bookshelf":9,"stat.pickup.minecraft.dirt":902,"stat.drop.minecraft.iron_shovel":1,"stat.pickup.fossil.pottery_shard":55,"stat.pickup.fossil.parasaurolophus_meat":13,"stat.mineBlock.minecraft.lapis_ore":15,"stat.pickup.rustic.wind_thistle":14,"stat.pickup.minecraft.iron_axe":8,"stat.useItem.minecraft.stone_brick_stairs":5,"stat.pickup.minecraft.written_book":21,"stat.mineBlock.minecraft.red_flower":9,"stat.mineBlock.minecraft.torch":57,"stat.tradedWithVillager":45,"stat.useItem.securitycraft.reinforced_stone":20,"stat.noteblockTuned":5,"stat.pickup.drpmedieval.butter_churn":5,"stat.craftItem.securitycraft.lens":12,"stat.mineBlock.ebwizardry.oak_lectern":1,"stat.pickup.drpmedieval.grindstone":9,"stat.useItem.minecraft.gold_ore":2,"stat.useItem.minecraft.item_frame":29,"stat.drop.securitycraft.keycard_lv5":2,"stat.pickup.fossil.bone_arm_bone":40,"stat.pickup.drpmedieval.oak_ships_helm":1,"stat.pickup.minecraft.cooked_beef":16,"stat.craftItem.ebwizardry.crystal_shard":9,"stat.pickup.minecraft.dark_oak_stairs":31,"stat.mobKills":225,"stat.mineBlock.minecraft.bookshelf":73,"stat.pickup.fossil.broken_sword":1,"stat.pickup.fossil.skull_block":16,"stat.drop.minecraft.written_book":4,"stat.pickup.minecraft.diamond":3,"stat.pickup.minecraft.beetroot_seeds":2,"stat.mineBlock.ebwizardry.birch_bookshelf":14,"stat.killEntity.fossil.titanis":9,"stat.craftItem.fossil.titanis_cooked":22,"stat.mineBlock.rustic.wind_thistle":3,"stat.useItem.minecraft.string":2,"stat.pickup.drpmedieval.oak_honey_centrifuge":3,"stat.mineBlock.ebwizardry.crystal_flower":63,"stat.mineBlock.ebwizardry.oak_bookshelf":13,"stat.pickup.fossil.toy_tethered_log":17,"stat.pickup.tektopia.chair":8,"stat.pickup.ebwizardry.gilded_wood":5,"stat.mineBlock.minecraft.stone_brick_stairs":6,"stat.drop.fossil.toy_tethered_log":1,"stat.pickup.fossil.bone_leg_bone":44,"stat.pickup.minecraft.wooden_hoe":6,"stat.pickup.ebwizardry.spectral_dust":5,"stat.mineBlock.minecraft.sand":236,"stat.pickup.securitycraft.reinforced_cobblestone":79,"stat.hopperInspected":52,"stat.useItem.minecraft.fence_gate":3,"stat.pickup.fossil.bone_foot":41,"stat.craftItem.fossil.toy_scratching_post":1,"stat.pickup.minecraft.armor_stand":13,"stat.mineBlock.fossil.cultivate":2,"stat.pickup.fossil.megaloceros_meat":9,"stat.drop.fossil.bio_goo":4,"stat.useItem.minecraft.cooked_mutton":66,"stat.craftItem.travelersbackpack.travelers_backpack":3,"stat.killEntity.Horse":1,"stat.useItem.drpmedieval.simple_oak_stairs":36,"stat.mineBlock.drpmedieval.forge":4,"stat.pickup.minecraft.stone_stairs":48,"stat.craftItem.minecraft.fence_gate":4,"stat.mineBlock.drpmedieval.oak_chopping_block":3,"stat.mineBlock.drpmedieval.dry_clay_grass":1,"stat.pickup.minecraft.saddle":3,"stat.mineBlock.drpmedieval.cauldron":3,"stat.pickup.fossil.fossil_sapling_palae":8,"stat.craftItem.securitycraft.keypad_item":1,"stat.pickup.fossil.stegosaurus_meat":24,"stat.pickup.minecraft.pumpkin":4,"stat.pickup.securitycraft.door_indestructible_iron_item":11,"stat.mineBlock.minecraft.ice":1,"stat.useItem.ebwizardry.crystal_flower":44,"stat.drop.fossil.bone_skull":1,"stat.drop.fossil.smilodon_meat":8,"stat.pickup.drpmedieval.spinning_wheel":6,"stat.craftItem.fossil.dryosaurus_cooked":5,"stat.mineBlock.minecraft.gold_block":2,"stat.craftItem.minecraft.iron_hoe":2,"stat.pickup.fossil.dominican_amber":9,"stat.drop.minecraft.stone":1,"stat.mineBlock.ebwizardry.receptacle":2,"stat.mineBlock.rustic.horsetail":2,"stat.mineBlock.ebwizardry.gilded_wood":4,"stat.pickup.minecraft.heavy_weighted_pressure_plate":1,"stat.drop.fossil.stegosaurus_cooked":6,"stat.useItem.ebwizardry.gilded_wood":1,"stat.craftItem.minecraft.wooden_button":1,"stat.pickup.fossil.whip":3,"stat.useItem.minecraft.furnace":14,"stat.pickup.antiqueatlas.antique_atlas":1,"stat.pickup.minecraft.iron_leggings":1,"stat.drop.fossil.titanis_meat":6,"stat.mineBlock.minecraft.gravel":168,"stat.pickup.fossil.vase_kylix":2,"stat.drop.minecraft.iron_axe":3,"stat.pickup.rustic.bee":66,"stat.useItem.minecraft.torch":850,"stat.pickup.minecraft.golden_apple":2,"stat.drop.drpmedieval.honey_comb":1,"stat.mineBlock.drpmedieval.clock_core":1,"stat.useItem.fossil.ankylosaurus_cooked":16,"stat.craftItem.minecraft.redstone_block":1,"stat.craftItem.minecraft.stone_stairs":4,"stat.pickup.minecraft.crafting_table":11,"stat.useItem.minecraft.log":72,"stat.useItem.ebwizardry.spruce_bookshelf":6,"stat.craftItem.minecraft.crafting_table":6,"stat.craftItem.securitycraft.camera_monitor":1,"stat.pickup.fossil.fossilseed":94,"stat.mineBlock.ebwizardry.crystal_ore":9,"stat.drop.minecraft.stonebrick":1,"stat.pickup.drpmedieval.hanging_bridge":1,"stat.craftItem.minecraft.stone_button":4,"stat.pickup.securitycraft.keycard_lv5":1,"stat.drop.minecraft.planks":2,"stat.pickup.securitycraft.keycard_lv1":1,"stat.craftItem.fossil.toy_tethered_log":1,"stat.pickup.minecraft.sapling":77,"stat.drop.minecraft.bow":1,"stat.pickup.minecraft.beetroot":5,"stat.killEntity.fossil.failuresaurus":1,"stat.pickup.rustic.chili_pepper_seeds":7,"stat.drop.minecraft.bucket":2,"stat.useItem.minecraft.baked_potato":4,"stat.pickup.drpmedieval.oak_flower_pot":4,"stat.pickup.minecraft.stone_slab":78,"stat.pickup.minecraft.yellow_flower":3,"stat.pickup.securitycraft.reinforced_sand":168,"stat.pickup.minecraft.bone":357,"stat.horseOneCm":1792573,"stat.pickup.fossil.tyrannosaurus_meat":12,"stat.useItem.drpmedieval.oak_wood_support":74,"stat.pickup.fossil.figurine":16,"stat.mineBlock.ebwizardry.runestone_pedestal":1,"stat.craftItem.fossil.feeder":1,"stat.pickup.rustic.ginseng":15,"stat.mineBlock.drpmedieval.spinning_wheel":5,"stat.climbOneCm":9624,"stat.pickup.fossil.ancient_helmet":1,"stat.killEntity.fossil.platybelodon":1,"stat.pickup.minecraft.anvil":1,"stat.useItem.minecraft.iron_ore":1,"stat.pickup.rustic.cohosh":7,"stat.craftItem.minecraft.stone_pickaxe":1,"stat.pickup.minecraft.cobblestone":3267,"stat.useItem.securitycraft.security_camera":2,"stat.useItem.minecraft.cooked_beef":8,"stat.pickup.minecraft.redstone":134,"stat.mineBlock.minecraft.iron_ore":280,"stat.pickup.securitycraft.keypad_item":1,"stat.entityKilledBy.fossil.megalania":2,"stat.pickup.fossil.plant_fossil":84,"stat.pickup.minecraft.mossy_cobblestone":17,"stat.useItem.drpmedieval.simple_oak_shelf":6,"stat.drop.minecraft.coal":1,"stat.pickup.drpmedieval.tap":2,"stat.mineBlock.drpmedieval.simple_plank_oak_chair":4,"stat.drop.fossil.bone_arm_bone":4,"stat.pickup.minecraft.iron_shovel":5,"stat.pickup.minecraft.carpet":2,"stat.craftItem.securitycraft.display_case":1,"stat.drop.fossil.stone_tablet":1,"stat.pickup.fossil.skull_helmet":5,"stat.pickup.fossil.titanis_dna":16,"stat.craftItem.minecraft.stick":376,"stat.craftItem.minecraft.gold_nugget":18,"stat.pickup.fossil.dinopedia":1,"stat.entityKilledBy.Creeper":1,"stat.pickup.ebwizardry.dark_oak_bookshelf":17,"stat.killEntity.ebwizardry:wizard":1,"stat.mineBlock.minecraft.planks":195,"stat.drop":116,"stat.killEntity.Sheep":26,"stat.craftItem.securitycraft.universal_block_remover":1,"stat.pickup.rustic.wildberry_bush":1,"stat.pickup.fossil.ancient_sword":1,"stat.drop.minecraft.cooked_beef":1,"stat.killEntity.Slime":25,"stat.mineBlock.minecraft.anvil":1,"stat.useItem.minecraft.apple":4,"stat.drop.fossil.ankylosaurus_cooked":3,"stat.craftItem.travelersbackpack.backpack_tank":6,"stat.useItem.fossil.titanis_cooked":17,"stat.pickup.minecraft.fence":55,"stat.useItem.tektopia.chair":11,"stat.pickup.drpmedieval.bone_war_horn":5,"stat.useItem.minecraft.stone_axe":274,"stat.pickup.fossil.fossil_sapling_calamites":7,"stat.craftItem.minecraft.iron_helmet":1,"stat.drop.minecraft.glass":2,"stat.mineBlock.fossil.sifter":7,"stat.pickup.rustic.tomato_seeds":11,"stat.mineBlock.minecraft.stone_stairs":28,"stat.mineBlock.minecraft.furnace":7,"stat.drop.minecraft.water_bucket":2,"stat.pickup.drpmedieval.firepit_lit":4,"stat.pickup.securitycraft.reinforced_stone_slabs":6,"stat.pickup.minecraft.oak_stairs":94,"stat.craftItem.fossil.whip":1,"stat.damageDealt":45054,"stat.craftItem.minecraft.anvil":2,"stat.useItem.minecraft.crafting_table":1,"stat.pickup.minecraft.stick":142,"stat.killEntity.Guard":1,"stat.useItem.fossil.figurine":4,"stat.entityKilledBy.fossil.pachycephalosaurus":2,"stat.craftItem.securitycraft.keycard_lv1":1,"stat.craftItem.securitycraft.keycard_lv5":2,"stat.entityKilledBy.fossil.ankylosaurus":2,"stat.killEntity.Chicken":1,"stat.drop.minecraft.crafting_table":1,"stat.pickup.ebwizardry.runestone":98,"stat.pickup.ebwizardry.wizard_handbook":3,"stat.useItem.minecraft.golden_apple":1,"stat.mineBlock.fossil.worktable":12,"stat.mineBlock.minecraft.leaves":72,"stat.mineBlock.drpmedieval.simple_carpenter_workbench":2,"stat.mineBlock.drpmedieval.oak_crate":2,"stat.pickup.fossil.bubble_blower":3,"stat.pickup.minecraft.wooden_slab":40,"stat.pickup.t3s4ebw.magic_seed":18,"stat.leaveGame":81,"stat.craftItem.fossil.bubble_blower":1,"stat.drop.forge.bucketfilled":1,"stat.useItem.fossil.quagga_cooked":1,"stat.pickup.fossil.shin_leggings":3,"stat.pickup.fossil.feet_boots":2,"stat.mineBlock.rustic.log":2,"stat.killEntity.Witch":3,"stat.craftItem.fossil.shin_leggings":1,"stat.pickup.fossil.toy_scratching_post":15,"stat.craftItem.minecraft.wooden_pickaxe":1,"stat.craftItem.minecraft.iron_door":6,"stat.useItem.minecraft.iron_shovel":757,"stat.craftItem.minecraft.bed":7,"stat.mineBlock.minecraft.hopper":7,"stat.pickup.fossil.volcanic_rock":8,"stat.useItem.drpmedieval.hanging_bridge":10,"stat.pickup.rustic.wildberries":3,"stat.killEntity.ZombieVillager":2,"stat.drop.minecraft.red_flower":1,"stat.useItem.minecraft.double_plant":1,"stat.pickup.ebwizardry.arcane_tome":1,"stat.pickup.rustic.apiary":1,"stat.craftItem.securitycraft.keycard_reader":1,"stat.pickup.securitycraft.security_camera":4,"stat.pickup.securitycraft.reinforced_planks":4,"stat.drop.fossil.worktable":1,"stat.pickup.securitycraft.universal_block_reinforcer_lvl1":2,"stat.useItem.minecraft.dye":63,"stat.craftItem.fossil.quagga_cooked":1,"stat.pickup.tektopia.structure_barracks":1,"stat.useItem.securitycraft.camera_monitor":5,"stat.mineBlock.minecraft.tallgrass":60,"stat.useItem.minecraft.splash_potion":1,"stat.useItem.minecraft.stone":110,"stat.pickup.fossil.ankylosaurus_meat":24,"stat.pickup.minecraft.arrow":86,"stat.pickup.minecraft.wooden_pressure_plate":4,"stat.drop.minecraft.iron_pickaxe":11,"stat.pickup.fossil.bone_vertebrae":113,"stat.mineBlock.minecraft.chest":45,"stat.craftItem.minecraft.hopper":8,"stat.pickup.drpmedieval.simple_plank_oak_table":1,"stat.craftItem.fossil.tyrannosaurus_cooked":12,"stat.useItem.fossil.stone_tablet":53,"stat.pickup.minecraft.wheat_seeds":16,"stat.craftItem.ebwizardry.wizard_handbook":1,"stat.mineBlock.minecraft.dirt":604,"stat.pickup.minecraft.poisonous_potato":4,"stat.pickup.securitycraft.keycard_reader":1,"stat.pickup.fossil.deinonychus_meat":20,"stat.mineBlock.drpmedieval.firepit_lit":4,"stat.useItem.minecraft.cobblestone":344,"stat.drop.fossil.dominican_amber":2,"stat.useItem.minecraft.gravel":2,"stat.mineBlock.minecraft.double_plant":4,"stat.mineBlock.drpmedieval.grindstone":8,"stat.craftItem.astikorcarts.mobcart":2,"stat.killEntity.fossil.smilodon":2,"stat.pickup.minecraft.iron_pickaxe":15,"stat.craftItem.minecraft.gold_ingot":125,"stat.pickup.minecraft.hopper":7,"stat.pickup.minecraft.apple":1,"stat.mineBlock.drpmedieval.clock_dial":2,"stat.craftItem.securitycraft.door_indestructible_iron_item":3,"stat.mineBlock.ebwizardry.dark_oak_bookshelf":17,"stat.craftItem.securitycraft.reinforced_glass_block":157,"stat.mineBlock.minecraft.log":110,"stat.pickup.minecraft.red_flower":9,"stat.pickup.minecraft.wool":274,"stat.pickup.ebwizardry.oak_lectern":1,"stat.mineBlock.fossil.analyzer":1,"stat.pickup.drpmedieval.oak_wood_support":66,"stat.useItem.minecraft.iron_axe":1326,"stat.pickup.fossil.smilodon_meat":8,"stat.drop.fossil.ancient_sword":1,"stat.mineBlock.minecraft.yellow_flower":2,"stat.entityKilledBy.Witch":2,"stat.craftItem.minecraft.wool":8,"stat.killEntity.fossil.tarslime":1,"stat.drop.minecraft.saddle":1,"stat.pickup.fossil.gold_javelin":6,"stat.pickup.minecraft.bow":9,"stat.pickup.fossil.vase_volute":3,"stat.useItem.minecraft.egg":66,"stat.flyOneCm":3968000,"stat.pickup.rustic.honeycomb":64,"stat.pickup.rustic.slate":27,"stat.timeSinceDeath":21183,"stat.useItem.ebwizardry.crystal_block":6,"stat.pickup.ebwizardry.arcane_workbench":8,"stat.craftItem.ebwizardry.magic_crystal":113,"stat.pickup.travelersbackpack.travelers_backpack":9,"stat.useItem.minecraft.potato":78,"stat.mineBlock.minecraft.coal_ore":205,"stat.craftItem.minecraft.stone_hoe":16,"stat.talkedToVillager":3,"stat.drop.minecraft.baked_potato":42,"stat.pickup.minecraft.string":39,"stat.pickup.tektopia.structure_townhall":1,"stat.useItem.minecraft.written_book":11,"stat.killEntity.ebwizardry:evil_wizard":3,"stat.mineBlock.rustic.wildberry_bush":1,"stat.mineBlock.minecraft.diamond_ore":1,"stat.pickup.drpmedieval.simple_oak_shelf":10,"stat.pickup.minecraft.snowball":8,"stat.useItem.drpmedieval.simple_solid_oak_table":13,"stat.useItem.astikorcarts.mobcart":9,"stat.diveOneCm":120897,"stat.pickup.minecraft.stone_axe":4,"stat.drop.minecraft.apple":37,"stat.jump":14484,"stat.useItem.minecraft.sand":3,"stat.mineBlock.fossil.fossil":267,"stat.useItem.t3s4ebw.crystal_crop":41,"stat.craftItem.minecraft.torch":24,"stat.pickup.rustic.log":2,"stat.pickup.drpmedieval.juice_press":2,"stat.pickup.minecraft.gold_ore":48,"stat.mineBlock.minecraft.glass_pane":14,"stat.damageTaken":22862,"stat.pickup.ebwizardry.scroll":14,"stat.pickup.minecraft.log2":256,"stat.pickup.ebwizardry.crystal_flower":293,"stat.craftItem.securitycraft.keypad_frame":2,"stat.pickup.drpmedieval.simple_plank_oak_chair":4,"stat.pickup.minecraft.bed":12,"stat.pickup.drpmedieval.simple_oak_stairs":20,"stat.pickup.fossil.sifter":7,"stat.useItem.securitycraft.reinforced_stone_slabs":4,"stat.pickup.minecraft.potato":359,"stat.entityKilledBy.Zombie":6,"stat.drop.fossil.aquatic_scarab_gem":1,"stat.craftItem.minecraft.stone_slab":54,"stat.craftItem.securitycraft.universal_block_reinforcer_lvl1":1,"stat.animalsBred":4,"stat.useItem.minecraft.chest":37,"stat.pickup.drpmedieval.wood_wrench":1,"stat.useItem.securitycraft.reinforced_stone_brick":7,"stat.craftItem.minecraft.iron_chestplate":1,"stat.pickup.minecraft.baked_potato":62,"stat.drop.drpmedieval.apple_green":11,"stat.pickup.drpmedieval.oak_crate":2,"stat.pickup.ebwizardry.spruce_bookshelf":7,"stat.craftItem.travelersbackpack.sleeping_bag_bottom":3,"stat.useItem.fossil.analyzer":1,"stat.mineBlock.minecraft.stonebrick":46,"stat.pickup.fossil.stegosaurus_cooked":4,"stat.useItem.securitycraft.lens":5,"stat.craftItem.minecraft.shears":1,"stat.pickup.fossil.ankylosaurus_cooked":3,"stat.pickup.securitycraft.reinforced_stone_button":3,"stat.pickup.minecraft.torch":185,"stat.killEntity.ebwizardry:remnant":9,"stat.craftItem.minecraft.compass":2,"stat.killEntity.fossil.pachycephalosaurus":1,"stat.craftItem.minecraft.iron_axe":6,"stat.useItem.fossil.parasaurolophus_cooked":6,"stat.pickup.astikorcarts.cargocart":1,"stat.pickup.drpmedieval.silver_telescope":3,"stat.useItem.minecraft.planks":3289,"stat.pickup.fossil.triceratops_dna":1,"stat.drop.ebwizardry.dark_oak_bookshelf":1,"stat.pickup.minecraft.porkchop":2,"stat.pickup.minecraft.glass":9,"stat.useItem.minecraft.water_bucket":7,"stat.drop.travelersbackpack.travelers_backpack":1,"stat.pickup.minecraft.sand":322,"stat.mineBlock.rustic.beehive":1,"stat.mineBlock.drpmedieval.simple_oak_chest":1,"stat.craftItem.tektopia.chair":6,"stat.pickup.fossil.titanis_meat":24,"stat.mineBlock.fossil.iced_stone":11,"stat.pickup.drpmedieval.simple_solid_oak_table":1,"stat.useItem.securitycraft.reinforced_cobblestone":72,"stat.useItem.minecraft.spawn_egg":109,"stat.craftItem.securitycraft.reinforced_stone_button":14,"stat.pickup.fossil.ancient_clock":1,"stat.pickup.tektopia.structure_school":4,"stat.drop.rustic.chamomile":1,"stat.craftItem.fossil.toyball":2,"stat.pickup.drpmedieval.clock_core":1,"stat.useItem.minecraft.oak_stairs":70,"stat.killEntity.fossil.quagga":3,"stat.useItem.minecraft.dark_oak_stairs":1,"stat.craftItem.ebwizardry.arcane_workbench":1,"stat.craftItem.fossil.skull_chestplate":1,"stat.pickup.fossil.skull_chestplate":6,"stat.mineBlock.ebwizardry.runestone":98,"stat.pickup.minecraft.furnace":130,"stat.pickup.fossil.toyball":1,"stat.pickup.fossil.failuresaurus_flesh":5,"stat.pickup.minecraft.iron_chestplate":1,"stat.useItem.minecraft.stone_stairs":20,"stat.mineBlock.rustic.apiary":1,"stat.useItem.astikorcarts.cargocart":3,"stat.useItem.fossil.ancient_sword":221,"stat.craftItem.rustic.apiary":1,"stat.useItem.minecraft.hopper":9,"stat.useItem.ebwizardry.runestone":65,"stat.craftItem.minecraft.heavy_weighted_pressure_plate":2,"stat.mineBlock.minecraft.oak_stairs":49,"stat.pickup.drpmedieval.anvil":4,"stat.pickup.fossil.broken_helmet":1,"stat.playOneMinute":2134260,"stat.drop.securitycraft.universal_block_reinforcer_lvl1":1,"stat.craftItem.ebwizardry.gilded_wood":16,"stat.craftItem.minecraft.carpet":3,"stat.craftItem.minecraft.dark_oak_stairs":4,"stat.drop.minecraft.flint":2,"stat.mineBlock.rustic.slate":19,"stat.fallOneCm":331434,"stat.pickup.drpmedieval.oak_wood_beam":15,"stat.craftItem.minecraft.chest":25,"stat.useItem.minecraft.iron_hoe":27,"stat.pickup.rustic.horsetail":10,"stat.entityKilledBy.ebwizardry:evil_wizard":4,"stat.craftItem.fossil.therizinosaurus_cooked":13,"stat.pickup.fossil.bone_ribcage":13,"stat.pickup.minecraft.feather":7,"stat.pickup.drpmedieval.honey_comb":1,"stat.mineBlock.fossil.feeder":1,"stat.useItem.minecraft.stone_pickaxe":36,"stat.craftItem.minecraft.iron_leggings":1,"stat.pickup.fossil.cultivate":3,"stat.drop.securitycraft.reinforced_glass_pane":1,"stat.useItem.drpmedieval.simple_plank_oak_chair":3,"stat.craftItem.fossil.ankylosaurus_cooked":12,"stat.pickup.minecraft.log":253,"stat.pickup.fossil.analyzer":1,"stat.pickup.minecraft.tallgrass":1,"stat.pickup.minecraft.wooden_door":10,"stat.entityKilledBy.Enderman":1,"stat.mineBlock.rustic.mooncap_mushroom":3,"stat.killEntity.fossil.therizinosaurus":1,"stat.pickup.securitycraft.reinforced_glass_pane":23,"stat.pickup.ebwizardry.receptacle":3,"stat.craftItem.minecraft.flower_pot":1,"stat.mineBlock.tektopia.chair":8,"stat.sneakTime":24357,"stat.drop.rustic.bee":1,"stat.pickup.tektopia.heart":8,"stat.useItem.ebwizardry.birch_bookshelf":13,"stat.pickup.minecraft.chest":45,"stat.mineBlock.drpmedieval.simple_oak_stairs":20,"stat.craftItem.fossil.tooth_dagger":1,"stat.mineBlock.drpmedieval.oak_honey_centrifuge":2,"stat.pickup.drpmedieval.large_oak_lectern":3,"stat.swimOneCm":197611,"stat.craftItem.fossil.feet_boots":1,"stat.pickup.drpmedieval.cauldron":3,"stat.useItem.minecraft.dirt":111,"stat.pickup.tektopia.structure_home2":4,"stat.pickup.fossil.nautilus_dna":1,"stat.craftItem.antiqueatlas.empty_antique_atlas":2,"stat.pickup.fossil.worktable":15,"stat.pickup.tektopia.structure_home6":1,"stat.craftItem.fossil.skull_helmet":1,"stat.pickup.minecraft.gold_block":3,"stat.pickup.minecraft.clay":28,"stat.useItem.securitycraft.door_indestructible_iron_item":1,"stat.craftItem.minecraft.wooden_slab":12,"stat.useItem.minecraft.sign":4,"stat.pickup.minecraft.mutton":37,"stat.pickup.fossil.feeder":1,"stat.mineBlock.ebwizardry.arcane_workbench":8,"stat.pickup.minecraft.stonebrick":110,"stat.pickup.ebwizardry.magic_crystal":79,"stat.pickup.drpmedieval.simple_carpenter_workbench":2,"stat.craftItem.minecraft.stone_slab2":0,"stat.killEntity.fossil.deinonychus":2,"stat.useItem.minecraft.stone_slab":43,"stat.drop.fossil.sarcosuchus_dna":1,"stat.craftItem.minecraft.stone":347,"stat.craftItem.minecraft.armor_stand":11,"stat.pickup.ebwizardry.runestone_pedestal":1,"stat.mineBlock.minecraft.crafting_table":9,"stat.useItem.minecraft.carrot":14,"stat.pickup.fossil.chicken_essence":2,"stat.pickup.drpmedieval.oak_planks":10,"stat.pickup.ebwizardry.oak_bookshelf":13,"stat.craftItem.fossil.analyzer":1,"stat.pickup.minecraft.slime_ball":18,"stat.pickup.fossil.stone_tablet":50,"stat.pickup.fossil.iced_meat":3,"stat.pickup.minecraft.gravel":205,"stat.useItem.minecraft.diamond_axe":48,"stat.drop.fossil.tardrop":18,"stat.pickup.minecraft.stone_brick_stairs":8,"stat.killEntity.Miner":1,"stat.pickup.minecraft.brick":32,"stat.useItem.minecraft.wooden_hoe":1,"stat.pickup.minecraft.spider_eye":17,"stat.useItem.fossil.worktable":3,"stat.pickup.minecraft.iron_ore":310,"stat.craftItem.fossil.aquatic_scarab_gem":1,"stat.pickup.minecraft.leather":8,"stat.killEntity.fossil.megalania":1,"stat.useItem.minecraft.wooden_pickaxe":7,"stat.pickup.minecraft.reeds":8,"stat.craftItem.minecraft.glass":69,"stat.sleepInBed":19,"stat.craftItem.minecraft.baked_potato":35,"stat.killEntity.Pig":1,"stat.killEntity.fossil.megaloceros":5,"stat.craftItem.minecraft.iron_sword":5,"stat.walkOneCm":3591470,"stat.playerKills":2,"stat.pickup.minecraft.clay_ball":32,"stat.mineBlock.drpmedieval.oak_ships_helm":1,"stat.pickup.securitycraft.reinforced_stone_brick":9,"stat.pickup.tektopia.structure_kitchen":4,"stat.pickup.drpmedieval.stone_mortar_and_pestle":3,"stat.useItem.ebwizardry.arcane_workbench":6,"stat.pickup.drpmedieval.pottery_turntable":7,"stat.craftItem.fossil.parasaurolophus_cooked":13,"stat.pickup.minecraft.stone":688,"stat.mineBlock.minecraft.wool":50,"stat.pickup.astikorcarts.mobcart":3,"stat.drop.securitycraft.keypad":1,"stat.pickup.ebwizardry.birch_bookshelf":14,"stat.pickup.drpmedieval.apple_green":11,"stat.pickup.minecraft.gold_ingot":28,"stat.killEntity.Skeleton":30,"stat.killEntity.Spider":14,"stat.pickup.drpmedieval.oak_chopping_block":3,"stat.pickup.minecraft.water_bucket":3,"stat.pickup.drpmedieval.dry_clay_chunk":6,"stat.mineBlock.minecraft.redstone_ore":15,"stat.pickup.fossil.fossil_sapling_cordaites":10,"stat.pickup.rustic.core_root":6,"stat.pickup.fossil.arthropleura_dna":1,"stat.mineBlock.minecraft.stone":2734}