{"stat.pickup.minecraft.bone":45,"stat.pickup.fossil.biofossil":20,"stat.leaveGame":6,"stat.pickup.fossil.smilodon_meat":8,"stat.mineBlock.minecraft.cobblestone":3,"stat.pickup.fossil.bone_skull":5,"stat.swimOneCm":19299,"stat.pickup.tektopia.structure_guard_post":21,"stat.useItem.minecraft.planks":2865,"stat.climbOneCm":1939,"stat.pickup.fossil.gold_javelin":1,"stat.useItem.minecraft.dirt":7,"stat.useItem.minecraft.stone_slab2":70,"stat.pickup.minecraft.rotten_flesh":2,"stat.craftItem.minecraft.furnace":1,"stat.mineBlock.rustic.beehive":1,"stat.craftItem.minecraft.stone_axe":1,"stat.pickup.fossil.bone_leg_bone":10,"stat.craftItem.minecraft.stone_pickaxe":1,"stat.pickup.minecraft.cobblestone":289,"stat.pickup.fossil.titanis_meat":8,"stat.flyOneCm":245794,"stat.mineBlock.rustic.log":1,"stat.mineBlock.minecraft.iron_ore":12,"stat.timeSinceDeath":407,"stat.craftItem.rustic.planks":4,"stat.useItem.minecraft.iron_pickaxe":357,"stat.useItem.minecraft.spawn_egg":11,"stat.craftItem.minecraft.wooden_pickaxe":1,"stat.pickup.fossil.bone_foot":8,"stat.pickup.fossil.plant_fossil":6,"stat.pickup.minecraft.double_plant":2,"stat.pickup.fossil.bone_unique_item":6,"stat.furnaceInteraction":14,"stat.mineBlock.minecraft.coal_ore":9,"stat.craftItem.minecraft.stone_hoe":16,"stat.useItem.minecraft.double_plant":1,"stat.pickup.tektopia.structure_townhall":1,"stat.craftItem.minecraft.stone_slab2":0,"stat.useItem.minecraft.written_book":2,"stat.sprintOneCm":362750,"stat.pickup.fossil.failuresaurus_flesh":3,"stat.craftItem.minecraft.stick":68,"stat.mineBlock.rustic.wildberry_bush":1,"stat.pickup.minecraft.stone_stairs":6,"stat.mineBlock.minecraft.fence":4,"stat.mineBlock.minecraft.crafting_table":1,"stat.pickup.fossil.relic_scrap":4,"stat.pickup.fossil.chicken_essence":1,"stat.pickup.minecraft.emerald":56,"stat.entityKilledBy.Creeper":1,"stat.deaths":6,"stat.mineBlock.minecraft.planks":76,"stat.drop":9,"stat.playOneMinute":199755,"stat.craftItem.minecraft.iron_pickaxe":7,"stat.pickup.minecraft.item_frame":14,"stat.mineBlock.minecraft.tallgrass":9,"stat.diveOneCm":4333,"stat.chestOpened":68,"stat.pickup.rustic.wildberry_bush":1,"stat.drop.minecraft.stone_stairs":6,"stat.pickup.fossil.iced_meat":3,"stat.pickup.minecraft.stone_axe":1,"stat.drop.fossil.bone_skull":1,"stat.drop.minecraft.iron_pickaxe":3,"stat.jump":2818,"stat.pickup.minecraft.fence":4,"stat.pickup.minecraft.coal":9,"stat.fallOneCm":82966,"stat.pickup.minecraft.iron_ingot":5,"stat.pickup.drpmedieval.bone_war_horn":1,"stat.drop.minecraft.stone":1,"stat.mineBlock.fossil.fossil":24,"stat.useItem.minecraft.stone_axe":122,"stat.crouchOneCm":7134,"stat.pickup.fossil.bone_vertebrae":27,"stat.mineBlock.minecraft.chest":1,"stat.craftItem.minecraft.iron_ingot":20,"stat.pickup.minecraft.dirt":234,"stat.craftingTableInteraction":20,"stat.pickup.minecraft.iron_ore":20,"stat.pickup.rustic.log":1,"stat.pickup.rustic.tomato_seeds":6,"stat.pickup.fossil.bone_ribcage":2,"stat.mineBlock.minecraft.stone_stairs":8,"stat.damageTaken":4922,"stat.pickup.minecraft.written_book":3,"stat.useItem.minecraft.wooden_pickaxe":7,"stat.tradedWithVillager":13,"stat.pickup.minecraft.log2":254,"stat.pickup.minecraft.planks":63,"stat.pickup.minecraft.wheat_seeds":2,"stat.drop.fossil.titanis_meat":6,"stat.useItem.minecraft.stone_pickaxe":36,"stat.damageDealt":2804,"stat.mineBlock.minecraft.dirt":88,"stat.entityKilledBy.fossil.titanis":1,"stat.walkOneCm":512927,"stat.pickup.rustic.bee":2,"stat.useItem.minecraft.torch":24,"stat.pickup.minecraft.stick":92,"stat.pickup.minecraft.crafting_table":1,"stat.useItem.minecraft.cobblestone":18,"stat.craftItem.minecraft.crafting_table":3,"stat.mineBlock.minecraft.double_plant":1,"stat.pickup.minecraft.log":7,"stat.killEntity.fossil.smilodon":2,"stat.pickup.minecraft.iron_pickaxe":3,"stat.useItem.minecraft.item_frame":24,"stat.pickup.fossil.bone_arm_bone":4,"stat.pickup.minecraft.stone":27,"stat.drop.minecraft.planks":1,"stat.pickup.minecraft.sapling":65,"stat.entityKilledBy.Enderman":1,"stat.craftItem.minecraft.planks":3028,"stat.mobKills":6,"stat.mineBlock.minecraft.log":6,"stat.pickup.fossil.skull_block":2,"stat.mineBlock.minecraft.leaves":2,"stat.killEntity.fossil.titanis":4,"stat.sneakTime":2057,"stat.drop.rustic.bee":1,"stat.mineBlock.minecraft.stone":285,"stat.pickup.tektopia.heart":2,"stat.pickup.minecraft.chest":1}