{"stat.pickup.fossil.platybelodon_meat":10,"stat.pickup.minecraft.bone":64,"stat.entityKilledBy.fossil.stegosaurus":1,"stat.pickup.fossil.biofossil":35,"stat.leaveGame":9,"stat.pickup.fossil.smilodon_meat":8,"stat.mineBlock.minecraft.cobblestone":12,"stat.pickup.fossil.bone_skull":5,"stat.killEntity.fossil.tarslime":1,"stat.swimOneCm":29508,"stat.pickup.tektopia.structure_guard_post":21,"stat.useItem.minecraft.planks":2865,"stat.climbOneCm":1939,"stat.craftItem.fossil.feet_boots":1,"stat.pickup.fossil.gold_javelin":1,"stat.drop.minecraft.cobblestone":2,"stat.useItem.minecraft.dirt":30,"stat.useItem.minecraft.stone_slab2":85,"stat.pickup.minecraft.bow":1,"stat.pickup.minecraft.rotten_flesh":11,"stat.pickup.minecraft.sand":3,"stat.craftItem.minecraft.furnace":1,"stat.pickup.tektopia.structure_home2":1,"stat.mineBlock.rustic.beehive":1,"stat.craftItem.minecraft.stone_axe":4,"stat.pickup.fossil.worktable":1,"stat.killEntity.fossil.platybelodon":1,"stat.pickup.fossil.bone_leg_bone":13,"stat.pickup.rustic.cohosh":1,"stat.craftItem.fossil.skull_helmet":1,"stat.craftItem.minecraft.stone_pickaxe":1,"stat.pickup.minecraft.cobblestone":326,"stat.pickup.fossil.titanis_meat":8,"stat.flyOneCm":402347,"stat.mineBlock.rustic.log":1,"stat.pickup.rustic.slate":2,"stat.useItem.minecraft.cooked_beef":8,"stat.craftItem.fossil.shin_leggings":1,"stat.mineBlock.minecraft.iron_ore":41,"stat.timeSinceDeath":861,"stat.craftItem.rustic.planks":4,"stat.useItem.minecraft.iron_pickaxe":563,"stat.useItem.minecraft.spawn_egg":12,"stat.craftItem.minecraft.wooden_pickaxe":1,"stat.pickup.fossil.bone_foot":8,"stat.pickup.fossil.plant_fossil":19,"stat.pickup.minecraft.mutton":37,"stat.pickup.minecraft.double_plant":2,"stat.drop.minecraft.coal":1,"stat.pickup.fossil.bone_unique_item":7,"stat.pickup.rustic.wildberries":2,"stat.furnaceInteraction":18,"stat.drop.fossil.bone_arm_bone":4,"stat.mineBlock.minecraft.coal_ore":82,"stat.useItem.minecraft.armor_stand":1,"stat.craftItem.minecraft.stone_hoe":16,"stat.talkedToVillager":3,"stat.craftItem.fossil.skull_chestplate":1,"stat.useItem.minecraft.double_plant":1,"stat.pickup.tektopia.structure_townhall":1,"stat.pickup.fossil.tardrop":5,"stat.pickup.minecraft.furnace":2,"stat.craftItem.minecraft.stone_slab2":0,"stat.useItem.minecraft.written_book":2,"stat.sprintOneCm":620315,"stat.pickup.fossil.failuresaurus_flesh":3,"stat.useItem.rustic.wildberries":4,"stat.craftItem.minecraft.stick":144,"stat.mineBlock.rustic.wildberry_bush":1,"stat.pickup.minecraft.stone_stairs":6,"stat.craftItem.minecraft.stone":14,"stat.craftItem.minecraft.armor_stand":11,"stat.mineBlock.minecraft.fence":4,"stat.mineBlock.minecraft.crafting_table":2,"stat.pickup.fossil.relic_scrap":12,"stat.pickup.fossil.chicken_essence":1,"stat.pickup.minecraft.emerald":56,"stat.entityKilledBy.Creeper":1,"stat.deaths":9,"stat.mineBlock.minecraft.planks":76,"stat.drop":18,"stat.playOneMinute":290460,"stat.killEntity.Sheep":26,"stat.craftItem.minecraft.iron_pickaxe":7,"stat.craftItem.minecraft.emerald":1,"stat.pickup.minecraft.item_frame":15,"stat.killEntity.Zombie":1,"stat.mineBlock.minecraft.tallgrass":10,"stat.diveOneCm":9495,"stat.pickup.minecraft.cooked_mutton":12,"stat.chestOpened":101,"stat.pickup.rustic.wildberry_bush":1,"stat.drop.minecraft.stone_stairs":6,"stat.useItem.minecraft.stone":2,"stat.pickup.fossil.iced_meat":3,"stat.pickup.minecraft.gravel":1,"stat.pickup.minecraft.arrow":5,"stat.drop.minecraft.cooked_beef":1,"stat.pickup.minecraft.stone_axe":1,"stat.pickup.rustic.chamomile":3,"stat.drop.fossil.bone_skull":1,"stat.drop.fossil.smilodon_meat":8,"stat.mineBlock.rustic.slate":1,"stat.drop.minecraft.iron_pickaxe":3,"stat.jump":4277,"stat.pickup.minecraft.fence":4,"stat.pickup.minecraft.coal":82,"stat.fallOneCm":105615,"stat.pickup.minecraft.iron_ingot":5,"stat.pickup.drpmedieval.bone_war_horn":1,"stat.drop.minecraft.stone":1,"stat.mineBlock.fossil.fossil":78,"stat.useItem.minecraft.stone_axe":242,"stat.crouchOneCm":7429,"stat.pickup.fossil.bone_vertebrae":29,"stat.mineBlock.minecraft.chest":2,"stat.craftItem.minecraft.iron_ingot":20,"stat.pickup.minecraft.dirt":273,"stat.craftingTableInteraction":33,"stat.pickup.minecraft.iron_ore":49,"stat.pickup.rustic.log":1,"stat.mineBlock.fossil.sifter":1,"stat.pickup.rustic.tomato_seeds":6,"stat.pickup.fossil.bone_ribcage":2,"stat.mineBlock.minecraft.stone_stairs":8,"stat.mineBlock.minecraft.log2":2,"stat.damageTaken":6208,"stat.pickup.minecraft.written_book":5,"stat.mineBlock.minecraft.furnace":2,"stat.useItem.minecraft.wooden_pickaxe":7,"stat.tradedWithVillager":16,"stat.pickup.minecraft.log2":256,"stat.pickup.minecraft.planks":64,"stat.pickup.minecraft.bed":1,"stat.pickup.minecraft.wheat_seeds":2,"stat.pickup.fossil.sifter":1,"stat.drop.fossil.titanis_meat":6,"stat.entityKilledBy.Zombie":1,"stat.mineBlock.minecraft.gravel":1,"stat.useItem.minecraft.stone_pickaxe":36,"stat.damageDealt":7037,"stat.mineBlock.minecraft.dirt":100,"stat.entityKilledBy.fossil.titanis":1,"stat.craftItem.minecraft.stone_slab":24,"stat.walkOneCm":742112,"stat.pickup.rustic.bee":2,"stat.useItem.minecraft.torch":24,"stat.pickup.minecraft.stick":92,"stat.drop.minecraft.rotten_flesh":3,"stat.pickup.minecraft.crafting_table":2,"stat.useItem.minecraft.log":1,"stat.useItem.minecraft.cobblestone":66,"stat.craftItem.minecraft.crafting_table":4,"stat.killEntity.Guard":1,"stat.mineBlock.minecraft.double_plant":1,"stat.pickup.minecraft.log":9,"stat.killEntity.fossil.smilodon":2,"stat.pickup.minecraft.iron_pickaxe":3,"stat.useItem.minecraft.item_frame":24,"stat.pickup.fossil.bone_arm_bone":10,"stat.pickup.minecraft.stone":30,"stat.drop.minecraft.planks":1,"stat.mineBlock.minecraft.wool":45,"stat.pickup.minecraft.sapling":66,"stat.pickup.minecraft.wooden_door":1,"stat.entityKilledBy.Enderman":1,"stat.pickup.minecraft.cooked_beef":16,"stat.killEntity.Skeleton":3,"stat.craftItem.minecraft.planks":3036,"stat.mobKills":39,"stat.mineBlock.minecraft.log":6,"stat.pickup.fossil.skull_block":5,"stat.drop.minecraft.written_book":1,"stat.mineBlock.fossil.worktable":1,"stat.mineBlock.minecraft.leaves":9,"stat.killEntity.fossil.titanis":4,"stat.sneakTime":2155,"stat.pickup.minecraft.wool":72,"stat.drop.rustic.bee":1,"stat.mineBlock.minecraft.stone":309,"stat.pickup.tektopia.heart":2,"stat.pickup.minecraft.chest":2}