{"stat.useItem.minecraft.string":2,"stat.pickup.fossil.platybelodon_meat":20,"stat.pickup.drpmedieval.oak_honey_centrifuge":1,"stat.entityKilledBy.fossil.stegosaurus":1,"stat.leaveGame":37,"stat.mineBlock.ebwizardry.crystal_flower":2,"stat.craftItem.minecraft.iron_axe":2,"stat.drop.forge.bucketfilled":1,"stat.pickup.fossil.bone_skull":8,"stat.useItem.minecraft.planks":2977,"stat.useItem.fossil.stegosaurus_cooked":4,"stat.pickup.minecraft.rotten_flesh":12,"stat.pickup.minecraft.sand":38,"stat.mineBlock.rustic.beehive":1,"stat.craftItem.minecraft.stone_axe":4,"stat.pickup.fossil.bone_leg_bone":23,"stat.pickup.fossil.titanis_meat":16,"stat.mineBlock.minecraft.sand":35,"stat.mineBlock.rustic.log":1,"stat.killEntity.Witch":1,"stat.craftItem.fossil.shin_leggings":1,"stat.useItem.minecraft.iron_pickaxe":992,"stat.useItem.minecraft.spawn_egg":22,"stat.craftItem.securitycraft.reinforced_stone_button":5,"stat.craftItem.minecraft.wooden_pickaxe":1,"stat.pickup.fossil.bone_foot":18,"stat.craftItem.minecraft.iron_door":3,"stat.pickup.minecraft.double_plant":4,"stat.craftItem.minecraft.bed":7,"stat.pickup.minecraft.armor_stand":1,"stat.craftItem.minecraft.glass_pane":16,"stat.drop.rustic.chamomile":1,"stat.pickup.drpmedieval.clock_core":1,"stat.pickup.fossil.bone_unique_item":9,"stat.pickup.rustic.wildberries":2,"stat.furnaceInteraction":104,"stat.craftItem.fossil.stegosaurus_cooked":10,"stat.craftItem.fossil.skull_chestplate":1,"stat.useItem.minecraft.double_plant":1,"stat.pickup.fossil.tardrop":10,"stat.pickup.minecraft.furnace":2,"stat.useItem.minecraft.cooked_mutton":26,"stat.craftItem.travelersbackpack.travelers_backpack":1,"stat.pickup.fossil.failuresaurus_flesh":3,"stat.useItem.rustic.wildberries":4,"stat.pickup.drpmedieval.clock_dial":2,"stat.mineBlock.drpmedieval.pottery_turntable":5,"stat.killEntity.fossil.stegosaurus":1,"stat.pickup.securitycraft.security_camera":1,"stat.mineBlock.drpmedieval.forge":3,"stat.pickup.minecraft.stone_stairs":6,"stat.mineBlock.minecraft.fence":4,"stat.mineBlock.drpmedieval.oak_chopping_block":2,"stat.mineBlock.drpmedieval.dry_clay_grass":1,"stat.pickup.minecraft.emerald":56,"stat.craftItem.minecraft.heavy_weighted_pressure_plate":1,"stat.pickup.drpmedieval.anvil":2,"stat.deaths":12,"stat.mineBlock.drpmedieval.cauldron":2,"stat.pickup.minecraft.egg":2,"stat.playOneMinute":645702,"stat.craftItem.minecraft.iron_pickaxe":15,"stat.craftItem.securitycraft.keypad_item":1,"stat.mineBlock.drpmedieval.stone_mortar_and_pestle":1,"stat.pickup.minecraft.item_frame":18,"stat.useItem.securitycraft.camera_monitor":2,"stat.pickup.fossil.stegosaurus_meat":12,"stat.mineBlock.minecraft.tallgrass":19,"stat.craftItem.minecraft.cooked_mutton":34,"stat.pickup.minecraft.cooked_mutton":12,"stat.chestOpened":211,"stat.useItem.minecraft.stone":31,"stat.pickup.fossil.ankylosaurus_meat":24,"stat.pickup.minecraft.arrow":12,"stat.pickup.securitycraft.door_indestructible_iron_item":8,"stat.pickup.rustic.chamomile":3,"stat.drop.fossil.bone_skull":1,"stat.drop.fossil.smilodon_meat":8,"stat.mineBlock.rustic.slate":1,"stat.pickup.drpmedieval.spinning_wheel":4,"stat.drop.minecraft.iron_pickaxe":10,"stat.fallOneCm":154494,"stat.drop.minecraft.stone":1,"stat.crouchOneCm":10247,"stat.pickup.fossil.bone_vertebrae":45,"stat.mineBlock.minecraft.chest":3,"stat.mineBlock.drpmedieval.butter_churn":3,"stat.craftItem.minecraft.iron_ingot":112,"stat.craftItem.minecraft.chest":4,"stat.mineBlock.drpmedieval.large_oak_lectern":1,"stat.craftingTableInteraction":97,"stat.pickup.fossil.bone_ribcage":3,"stat.mineBlock.minecraft.log2":2,"stat.pickup.drpmedieval.honey_comb":1,"stat.pickup.minecraft.planks":84,"stat.pickup.minecraft.wheat_seeds":2,"stat.drop.fossil.titanis_meat":6,"stat.mineBlock.minecraft.gravel":3,"stat.useItem.minecraft.stone_pickaxe":36,"stat.mineBlock.minecraft.dirt":140,"stat.entityKilledBy.fossil.titanis":1,"stat.drop.minecraft.iron_axe":2,"stat.pickup.securitycraft.reinforced_glass_block":5,"stat.pickup.fossil.deinonychus_meat":10,"stat.pickup.rustic.bee":2,"stat.useItem.minecraft.torch":34,"stat.drop.drpmedieval.honey_comb":1,"stat.useItem.drpmedieval.simple_plank_oak_chair":2,"stat.mineBlock.drpmedieval.juice_press":1,"stat.mineBlock.drpmedieval.clock_core":1,"stat.mineBlock.drpmedieval.firepit_lit":4,"stat.drop.minecraft.rotten_flesh":3,"stat.pickup.minecraft.crafting_table":4,"stat.useItem.minecraft.log":2,"stat.useItem.securitycraft.reinforced_glass_block":1,"stat.useItem.minecraft.cobblestone":74,"stat.craftItem.minecraft.crafting_table":4,"stat.mineBlock.minecraft.double_plant":1,"stat.craftItem.securitycraft.camera_monitor":1,"stat.mineBlock.drpmedieval.grindstone":7,"stat.pickup.minecraft.log":11,"stat.killEntity.fossil.smilodon":2,"stat.pickup.securitycraft.reinforced_stone":5,"stat.pickup.minecraft.iron_pickaxe":12,"stat.craftItem.minecraft.stone_button":3,"stat.craftItem.minecraft.gold_ingot":19,"stat.drop.minecraft.planks":1,"stat.pickup.minecraft.sapling":68,"stat.pickup.minecraft.wooden_door":2,"stat.entityKilledBy.Enderman":1,"stat.mineBlock.drpmedieval.clock_dial":2,"stat.craftItem.securitycraft.door_indestructible_iron_item":2,"stat.pickup.securitycraft.reinforced_glass_pane":7,"stat.craftItem.minecraft.planks":3172,"stat.useItem.securitycraft.universal_block_remover":11,"stat.useItem.minecraft.stonebrick":2,"stat.pickup.minecraft.book":196,"stat.mineBlock.minecraft.log":6,"stat.mineBlock.drpmedieval.anvil":2,"stat.pickup.minecraft.red_flower":3,"stat.sneakTime":4977,"stat.pickup.minecraft.wool":78,"stat.pickup.rustic.chili_pepper_seeds":2,"stat.drop.rustic.bee":1,"stat.pickup.drpmedieval.oak_flower_pot":1,"stat.pickup.minecraft.stone_slab":4,"stat.pickup.tektopia.heart":2,"stat.pickup.minecraft.chest":3,"stat.pickup.drpmedieval.oak_wood_support":35,"stat.pickup.minecraft.bone":87,"stat.mineBlock.drpmedieval.oak_honey_centrifuge":1,"stat.pickup.fossil.biofossil":53,"stat.useItem.minecraft.iron_axe":298,"stat.pickup.fossil.smilodon_meat":8,"stat.pickup.drpmedieval.large_oak_lectern":1,"stat.mineBlock.minecraft.cobblestone":26,"stat.mineBlock.drpmedieval.oak_flower_pot":1,"stat.useItem.drpmedieval.oak_wood_support":59,"stat.craftItem.minecraft.wool":2,"stat.killEntity.fossil.tarslime":1,"stat.swimOneCm":64281,"stat.pickup.tektopia.structure_guard_post":21,"stat.pickup.rustic.ginseng":5,"stat.mineBlock.drpmedieval.spinning_wheel":4,"stat.climbOneCm":1939,"stat.craftItem.fossil.feet_boots":1,"stat.pickup.fossil.gold_javelin":1,"stat.drop.minecraft.cobblestone":2,"stat.pickup.minecraft.cooked_porkchop":8,"stat.pickup.drpmedieval.cauldron":2,"stat.useItem.minecraft.dirt":57,"stat.useItem.minecraft.stone_slab2":219,"stat.pickup.drpmedieval.forge":3,"stat.pickup.minecraft.bow":2,"stat.pickup.forge.bucketfilled":1,"stat.craftItem.minecraft.furnace":1,"stat.pickup.tektopia.structure_home2":3,"stat.craftItem.antiqueatlas.empty_antique_atlas":2,"stat.pickup.fossil.worktable":1,"stat.killEntity.fossil.platybelodon":1,"stat.pickup.tektopia.structure_home6":1,"stat.pickup.rustic.cohosh":2,"stat.craftItem.fossil.skull_helmet":1,"stat.craftItem.minecraft.stone_pickaxe":1,"stat.pickup.minecraft.cobblestone":643,"stat.useItem.securitycraft.security_camera":2,"stat.flyOneCm":774798,"stat.pickup.rustic.slate":2,"stat.useItem.minecraft.cooked_beef":8,"stat.mineBlock.minecraft.iron_ore":48,"stat.timeSinceDeath":11023,"stat.craftItem.rustic.planks":4,"stat.pickup.fossil.plant_fossil":19,"stat.craftItem.securitycraft.security_camera":2,"stat.pickup.minecraft.mutton":37,"stat.drop.minecraft.coal":1,"stat.pickup.travelersbackpack.travelers_backpack":1,"stat.pickup.securitycraft.keypad":2,"stat.mineBlock.drpmedieval.simple_plank_oak_chair":2,"stat.pickup.minecraft.stonebrick":13,"stat.drop.fossil.bone_arm_bone":4,"stat.mineBlock.minecraft.coal_ore":89,"stat.useItem.minecraft.armor_stand":7,"stat.killEntity.Creeper":2,"stat.craftItem.minecraft.stone_hoe":16,"stat.talkedToVillager":3,"stat.mineBlock.drpmedieval.simple_oak_shelf":3,"stat.pickup.drpmedieval.simple_carpenter_workbench":1,"stat.pickup.minecraft.string":6,"stat.pickup.tektopia.structure_townhall":1,"stat.craftItem.minecraft.stone_slab2":0,"stat.useItem.minecraft.written_book":7,"stat.sprintOneCm":1155286,"stat.mineBlock.minecraft.stone_slab":3,"stat.craftItem.minecraft.stick":188,"stat.killEntity.fossil.deinonychus":1,"stat.useItem.minecraft.stone_slab":10,"stat.mineBlock.rustic.wildberry_bush":1,"stat.craftItem.minecraft.stone":127,"stat.craftItem.minecraft.armor_stand":11,"stat.mineBlock.minecraft.crafting_table":5,"stat.entityKilledBy.VindicationIllager":1,"stat.pickup.fossil.relic_scrap":22,"stat.pickup.fossil.chicken_essence":1,"stat.entityKilledBy.Creeper":1,"stat.mineBlock.minecraft.planks":94,"stat.drop":41,"stat.killEntity.Sheep":26,"stat.craftItem.minecraft.emerald":1,"stat.pickup.drpmedieval.simple_oak_shelf":3,"stat.killEntity.Zombie":5,"stat.craftItem.minecraft.dye":3,"stat.craftItem.securitycraft.universal_block_remover":1,"stat.diveOneCm":28582,"stat.pickup.rustic.wildberry_bush":1,"stat.drop.minecraft.stone_stairs":6,"stat.mineBlock.drpmedieval.oak_wood_support":35,"stat.pickup.fossil.iced_meat":3,"stat.pickup.minecraft.gravel":3,"stat.drop.minecraft.cooked_beef":1,"stat.useItem.minecraft.diamond_axe":48,"stat.pickup.minecraft.stone_axe":2,"stat.killEntity.Miner":1,"stat.craftItem.travelersbackpack.backpack_tank":2,"stat.jump":6475,"stat.useItem.minecraft.sand":3,"stat.killEntity.fossil.ankylosaurus":2,"stat.pickup.minecraft.fence":4,"stat.pickup.minecraft.coal":114,"stat.pickup.minecraft.iron_ingot":43,"stat.pickup.drpmedieval.bone_war_horn":2,"stat.mineBlock.fossil.fossil":84,"stat.useItem.minecraft.stone_axe":274,"stat.pickup.minecraft.gunpowder":3,"stat.pickup.minecraft.spider_eye":3,"stat.craftItem.minecraft.torch":24,"stat.pickup.minecraft.dirt":327,"stat.pickup.minecraft.iron_ore":56,"stat.pickup.rustic.log":1,"stat.mineBlock.fossil.sifter":1,"stat.pickup.drpmedieval.juice_press":1,"stat.pickup.rustic.tomato_seeds":6,"stat.pickup.rustic.wind_thistle":7,"stat.pickup.minecraft.iron_axe":2,"stat.mineBlock.minecraft.stone_stairs":8,"stat.damageTaken":8848,"stat.pickup.minecraft.written_book":5,"stat.mineBlock.minecraft.furnace":2,"stat.mineBlock.minecraft.red_flower":3,"stat.mineBlock.minecraft.torch":2,"stat.useItem.minecraft.wooden_pickaxe":7,"stat.tradedWithVillager":16,"stat.pickup.drpmedieval.firepit_lit":4,"stat.pickup.minecraft.log2":256,"stat.pickup.ebwizardry.crystal_flower":2,"stat.craftItem.securitycraft.keypad_frame":1,"stat.pickup.drpmedieval.simple_plank_oak_chair":2,"stat.pickup.minecraft.bed":2,"stat.pickup.fossil.sifter":1,"stat.pickup.minecraft.oak_stairs":4,"stat.entityKilledBy.Zombie":1,"stat.damageDealt":13730,"stat.craftItem.minecraft.glass":31,"stat.sleepInBed":4,"stat.pickup.drpmedieval.butter_churn":3,"stat.craftItem.securitycraft.lens":12,"stat.craftItem.minecraft.iron_sword":5,"stat.craftItem.minecraft.stone_slab":36,"stat.walkOneCm":1169773,"stat.useItem.minecraft.chest":1,"stat.pickup.minecraft.stick":94,"stat.killEntity.Guard":1,"stat.mineBlock.drpmedieval.oak_ships_helm":1,"stat.pickup.drpmedieval.wood_wrench":1,"stat.pickup.securitycraft.reinforced_stone_brick":9,"stat.pickup.drpmedieval.grindstone":7,"stat.pickup.drpmedieval.stone_mortar_and_pestle":1,"stat.entityKilledBy.fossil.pachycephalosaurus":1,"stat.pickup.drpmedieval.pottery_turntable":5,"stat.useItem.securitycraft.reinforced_stone_brick":7,"stat.useItem.minecraft.item_frame":25,"stat.pickup.fossil.bone_arm_bone":20,"stat.pickup.minecraft.stone":56,"stat.pickup.drpmedieval.oak_ships_helm":1,"stat.mineBlock.minecraft.wool":45,"stat.drop.drpmedieval.apple_green":11,"stat.pickup.minecraft.cooked_beef":16,"stat.pickup.drpmedieval.apple_green":11,"stat.killEntity.Skeleton":5,"stat.craftItem.travelersbackpack.sleeping_bag_bottom":1,"stat.mineBlock.minecraft.stonebrick":10,"stat.killEntity.Spider":1,"stat.useItem.securitycraft.lens":5,"stat.mobKills":58,"stat.mineBlock.minecraft.bookshelf":65,"stat.craftItem.minecraft.shears":1,"stat.pickup.fossil.skull_block":5,"stat.drop.minecraft.written_book":1,"stat.pickup.securitycraft.reinforced_stone_button":3,"stat.pickup.drpmedieval.oak_chopping_block":2,"stat.pickup.drpmedieval.dry_clay_chunk":3,"stat.mineBlock.fossil.worktable":1,"stat.mineBlock.minecraft.leaves":9,"stat.killEntity.fossil.titanis":7,"stat.pickup.minecraft.torch":45,"stat.mineBlock.drpmedieval.simple_carpenter_workbench":1,"stat.craftItem.minecraft.compass":2,"stat.mineBlock.rustic.wind_thistle":3,"stat.mineBlock.minecraft.stone":636}